Workbook

Sheet Raw Data
A1: Code | B1: Badge Number | C1: Name(As per adhar card) | D1: Age | E1: Contact Number (WhatsApp)
A2: PPTW | B2: 1 | C2: Aachal Vinod Bhandari | D2: 15 | E2: 7720064326
A3: BB | B3: 2 | C3: Aanchal jain | D3: 26 | E3: 9399238454
A4: SC | B4: 3 | C4: Aangi | E4: 7405658429
A5: TT | B5: 4 | C5: Aarna | E5: 9904082060
A6: WID | B6: 5 | C6: Aarushi Bhandari | D6: 16 | E6: 9827637699
A7: PPTW | B7: 6 | C7: Aashvi chhajed | D7: 15 | E7: 7000496236
A8: BB | B8: 7 | C8: Aayushi Jain | D8: 19 | E8: 8815243359
A9: SC | B9: 8 | C9: Aayushi shah | D9: 25 | E9: 7506246643
A10: TT | B10: 9 | C10: Abhilasha Jain | D10: 34 | E10: 7089024861
A11: WID | B11: 10 | C11: Additi Solanki | D11: 22 | E11: 8667641257
A12: PPTW | B12: 11 | C12: Aditi | E12: 8104916757
A13: BB | B13: 12 | C13: Aditi Bhandari | E13: 9413351847
A14: SC | B14: 13 | C14: Aditi jain | D14: 22 | E14: 9039946841
A15: TT | B15: 14 | C15: Aishvi jain | D15: 26 | E15: 8109918270
A16: WID | B16: 15 | C16: Akshara Jain | D16: 16 | E16: 9584175407
A17: PPTW | B17: 16 | C17: Aksharachopra | D17: 17 | E17: 8253003710
A18: SC | B18: 17 | C18: Amisha Saklecha | D18: 25 | E18: 9399332675
A19: TT | B19: 18 | C19: Amita Mangesh Bora | D19: 32 | E19: 9422982899
A20: WID | B20: 19 | C20: Aneriben Manoj Kumar Shah | D20: 19 | E20: 9737943472
A21: PPTW | B21: 20 | C21: Anuja Romil Shah | D21: 40 | E21: 9390006566
A22: BB | B22: 21 | C22: Anushi Jain | D22: 24 | E22: 9131310377
A23: SC | B23: 22 | C23: Anushka Kataria | E23: 7000085196
A24: WID | B24: 23 | C24: Aradhana jain | D24: 31 | E24: 8965933229
A25: PPTW | B25: 24 | C25: Ariha Deep Shah | D25: 26 | E25: 9518509703
A26: BB | B26: 25 | C26: Arpita Jain | D26: 23 | E26: 9179352310
A27: SC | B27: 26 | C27: Arpita vanvat | D27: 35 | E27: 8103428286
A28: TT | B28: 27 | C28: Ashvi Jain | D28: 18 | E28: 8889055007
A29: WID | B29: 28 | C29: Avani Lodha | D29: 19 | E29: 9424044167
A30: BB | B30: 29 | C30: Avni jain | D30: 27 | E30: 6265328662
A31: SC | B31: 30 | C31: Ayushi chopra | D31: 24 | E31: 7089050778
A32: TT | B32: 31 | C32: B Ritu kothari | D32: 28 | E32: 8142214648
A33: WID | B33: 32 | C33: Bhaavee Chirag Doshi | D33: 13 | E33: 9552278383
A34: PPTW | B34: 33 | C34: Bhakti Jhaveri | D34: 40 | E34: 9833495207
A35: BB | B35: 34 | C35: Bhavana | D35: 33 | E35: 7667643221
... A42: WID | B42: 41 | C42: Charmi Doshi | D42: 35 | E42: 8898719999
A43: SC | B43: 42 | C43: Darshita Kakaria | E43: 9054322740
A44: TT | B44: 43 | C44: Deepali Shah | E44: 9323766181
A45: WID | B45: 44 | C45: Deshana Kuldip Shah | D45: 20 | E45: 8980189111
A46: BB | B46: 45 | C46: Devanshi hiran Mehta | D46: 38 | E46: 9482006740
A47: SC | B47: 46 | C47: Dharmi Malde | E47: 9322586355
A48: TT | B48: 47 | C48: Dhriti | D48: 18 | E48: 9108406146
A49: WID | B49: 48 | C49: Dhruvi M Shah | E49: 9136547856
A50: PPTW | B50: 49 | C50: Dhruvi S | E50: 9820462839
A51: BB | B51: 50 | C51: Dhruvi Shah | D51: 18 | E51: 7021278539
A52: SC | B52: 51 | C52: Dhruvi Shah | D52: 28 | E52: 8488990507
A53: TT | B53: 52 | C53: Dhvani Ronak Desai | D53: 18 | E53: 9870067267
A54: WID | B54: 53 | C54: dhyana mehta | D54: 11 | E54: 9820507278
A55: PPTW | B55: 54 | C55: Dimple | D55: 34 | E55: 8555828384
A56: BB | B56: 55 | C56: Dipali Parekh | D56: 30 | E56: 9428530316
A57: SC | B57: 56 | C57: Disha oswal | D57: 21 | E57: 7483319681
A58: TT | B58: 57 | C58: Disha Shah | D58: 27 | E58: 9370764390
A59: WID | B59: 58 | C59: Divisha Kakaria | E59: 9824379449
A60: PPTW | B60: 59 | C60: Divya | D60: 20 | E60: 7975368984
A61: BB | B61: 60 | C61: Divya jain | D61: 21 | E61: 6262547164
A62: SC | B62: 61 | C62: Divya mahendra kankaliya | D62: 24 | E62: 7498959194
A63: TT | B63: 62 | C63: Divya Sanghvi | D63: 20 | E63: 8591664343
A64: WID | B64: 63 | C64: Diya Amish shah | D64: 19 | E64: 7045411742
A65: PPTW | B65: 64 | C65: Diya Chajed | D65: 21 | E65: 8431311533
A66: BB | B66: 65 | C66: Diya Jain | E66: 9399918201
A67: SC | B67: 66 | C67: Diya Prakash Shah | D67: 21 | E67: 7434966909
A68: TT | B68: 67 | C68: Diya Rakesh Jain | D68: 21 | E68: 9499545916
A69: WID | B69: 68 | C69: Diya shah | D69: 21 | E69: 9664554097
A70: PPTW | B70: 69 | C70: Diya Vardhman Chhajed | D70: 19 | E70: 7361003004
A71: BB | B71: 70 | C71: Dolly Inderkumar Jain | D71: 25 | E71: 9558516087
A72: SC | B72: 71 | C72: Dolly patwa | D72: 16 | E72: 7999136791
A73: TT | B73: 72 | C73: Doshi prapti prakash Kumar | D73: 18 | E73: 7984572089
A74: WID | B74: 73 | C74: Doshi vidhi | D74: 18 | E74: 7041125854
A75: PPTW | B75: 74 | C75: Drashty Bakul Malde | D75: 23 | E75: 9284535546
A76: BB | B76: 75 | C76: Ekta Mehta | D76: 20 | E76: 7049082670
A77: SC | B77: 76 | C77: Esha Satish Savla | D77: 25 | E77: 9819344428
A78: TT | B78: 77 | C78: Forum Rajesh Chheda | D78: 22 | E78: 9619571855
... A83: WID | B83: 82 | C83: Hasti Hasmukh Dedhia | D83: 18 | E83: 9702477999
A84: PPTW | B84: 83 | C84: Heena Shah | E84: 9969119611
A85: BB | B85: 84 | C85: Heeya nayan gandhi | D85: 12 | E85: 7977736076
A86: WID | B86: 85 | C86: HET MANOJ SHAH | D86: 21 | E86: 9152053671
A87: BB | B87: 86 | C87: Hetali Rajen Shah | D87: 25 | E87: 9867135768
A88: SC | B88: 87 | C88: Hetvi Nilesh Shah | D88: 24 | E88: 8169441735
A89: TT | B89: 88 | C89: Hetvi Paras Shah | D89: 22 | E89: 9930900647
A90: WID | B90: 89 | C90: Hetvi Vimal Gosrani | D90: 21 | E90: 9322722657
A91: PPTW | B91: 90 | C91: Hiral Doshi | D91: 42 | E91: 9820712408
A92: BB | B92: 91 | C92: Hiral Vimal Shah | D92: 18 | E92: 9224877695
A93: SC | B93: 92 | C93: Hiya Sachin Dhoka | D93: 17 | E93: 9270552400
A94: TT | B94: 93 | C94: Hrishika Rakesh Jain | D94: 21 | E94: 9867119775
A95: PPTW | B95: 94 | C95: Ishika Mahendra Jain | D95: 22 | E95: 7798585011
A96: BB | B96: 95 | C96: Ishita Jain | D96: 25 | E96: 9024646280
... A138: WID | B138: 137 | C138: Krinal Navin Gosrani | D138: 24 | E138: 9307470864
A139: PPTW | B139: 138 | C139: Krisha | E139: 9945530782
A140: BB | B140: 139 | C140: Krisha Kantilal Gudhka | D140: 23 | E140: 8329484110
A141: SC | B141: 140 | C141: Krisha Kerul Shah | D141: 19 | E141: 7738816905
A142: TT | B142: 141 | C142: Krishi gala | D142: 20 | E142: 7620017594
A143: WID | B143: 142 | C143: Kriya Amit Shah | D143: 16 | E143: 6359088721
A144: PPTW | B144: 143 | C144: Kriya Hemendra Kothari | D144: 20 | E144: 7058720481
A145: BB | B145: 144 | C145: Kriya Narendra Rathod | D145: 18 | E145: 9529152039
A146: SC | B146: 145 | C146: Kriya viresh jain | D146: 18 | E146: 9819472008
A147: TT | B147: 146 | C147: Kshama Divyesh Khimasiya | D147: 34 | E147: 9665767408
A148: WID | B148: 147 | C148: Kunika Ranka | D148: 25 | E148: 7697747478
A149: PPTW | B149: 148 | C149: Kusum | D149: 25 | E149: 7413946654
A150: SC | B150: 149 | C150: Labdhi | E150: 9429920123
A151: TT | B151: 150 | C151: Labdhi Amit Shah | D151: 20 | E151: 9967843292
...

Sheet Actual_Data
A1: Code | B1: Badge Number | C1: Name(As per adhar card) | D1: Age | E1: Contact Number (WhatsApp)
A2: PPTW | B2: 1 | C2: Aachal Vinod Bhandari | D2: 15 | E2: 7720064326
A3: BB | B3: 2 | C3: Aanchal jain | D3: 26 | E3: 9399238454
A4: SC | B4: 3 | C4: Aangi | E4: 7405658429
A5: TT | B5: 4 | C5: Aarna | E5: 9904082060
A6: WID | B6: 5 | C6: Aarushi Bhandari | D6: 16 | E6: 9827637699
A7: PPTW | B7: 6 | C7: Aashvi chhajed | D7: 15 | E7: 7000496236
A8: BB | B8: 7 | C8: Aayushi Jain | D8: 19 | E8: 8815243359
A9: SC | B9: 8 | C9: Aayushi shah | D9: 25 | E9: 7506246643
A10: TT | B10: 9 | C10: Abhilasha Jain | D10: 34 | E10: 7089024861
A11: WID | B11: 10 | C11: Additi Solanki | D11: 22 | E11: 8667641257
A12: PPTW | B12: 11 | C12: Aditi | E12: 8104916757
A13: BB | B13: 12 | C13: Aditi Bhandari | E13: 9413351847
A14: SC | B14: 13 | C14: Aditi jain | D14: 22 | E14: 9039946841
A15: TT | B15: 14 | C15: Aishvi jain | D15: 26 | E15: 8109918270
A16: WID | B16: 15 | C16: Akshara Jain | D16: 16 | E16: 9584175407
A17: PPTW | B17: 16 | C17: Aksharachopra | D17: 17 | E17: 8253003710
A18: SC | B18: 18 | C18: Amisha Saklecha | D18: 25 | E18: 9399332675
A19: TT | B19: 19 | C19: Amita Mangesh Bora | D19: 32 | E19: 9422982899
A20: WID | B20: 20 | C20: Aneriben Manoj Kumar Shah | D20: 19 | E20: 9737943472
A21: PPTW | B21: 21 | C21: Anuja Romil Shah | D21: 40 | E21: 9390006566
A22: BB | B22: 22 | C22: Anushi Jain | D22: 24 | E22: 9131310377
A23: SC | B23: 23 | C23: Anushka Kataria | E23: 7000085196
A24: WID | B24: 25 | C24: Aradhana jain | D24: 31 | E24: 8965933229
A25: PPTW | B25: 26 | C25: Ariha Deep Shah | D25: 26 | E25: 09518509703
A26: BB | B26: 27 | C26: Arpita Jain | D26: 23 | E26: 9179352310
A27: SC | B27: 28 | C27: Arpita vanvat | D27: 35 | E27: 8103428286
A28: TT | B28: 29 | C28: Ashvi Jain | D28: 18 | E28: 8889055007
A29: WID | B29: 30 | C29: Avani Lodha | D29: 19 | E29: 9424044167
A30: BB | B30: 32 | C30: Avni jain | D30: 27 | E30: 6265328662
A31: SC | B31: 33 | C31: Ayushi chopra | D31: 24 | E31: 7089050778
A32: TT | B32: 34 | C32: B Ritu kothari | D32: 28 | E32: 8142214648
A33: WID | B33: 35 | C33: Bhaavee Chirag Doshi | D33: 13 | E33: 9552278383
A34: PPTW | B34: 36 | C34: Bhakti Jhaveri | D34: 40 | E34: 9833495207
A35: BB | B35: 37 | C35: Bhavana | D35: 33 | E35: 7667643221
A36: SC | B36: 38 | C36: Bhavya | D36: 20 | E36: 9080505288
A37: TT | B37: 39 | C37: Bhumi chatter | D37: 15 | E37: 9575866660
... A42: WID | B42: 45 | C42: Charmi Doshi | D42: 35 | E42: 8898719999
A43: SC | B43: 48 | C43: Darshita Kakaria | E43: 9054322740
A44: TT | B44: 49 | C44: Deepali Shah | E44: 9323766181
A45: WID | B45: 50 | C45: Deshana Kuldip Shah | D45: 20 | E45: 8980189111
A46: BB | B46: 52 | C46: Devanshi hiran Mehta | D46: 38 | E46: 9482006740
A47: SC | B47: 53 | C47: Dharmi Malde | E47: 9322586355
A48: TT | B48: 54 | C48: Dhriti | D48: 18 | E48: 9108406146
A49: WID | B49: 55 | C49: Dhruvi M Shah | E49: 9136547856
A50: PPTW | B50: 56 | C50: Dhruvi S | E50: 9820462839
A51: BB | B51: 57 | C51: Dhruvi Shah | D51: 18 | E51: 7021278539
A52: SC | B52: 58 | C52: Dhruvi Shah | D52: 28 | E52: 8488990507
A53: TT | B53: 59 | C53: Dhvani Ronak Desai | D53: 18 | E53: 98700 67267
A54: WID | B54: 60 | C54: dhyana mehta | D54: 11 | E54: 9820507278
A55: PPTW | B55: 61 | C55: Dimple | D55: 34 | E55: 8555828384
A56: BB | B56: 62 | C56: Dipali Parekh | D56: 30 | E56: 9428530316
A57: SC | B57: 63 | C57: Disha oswal | D57: 21 | E57: 7483319681
A58: TT | B58: 64 | C58: Disha Shah | D58: 27 | E58: 9370764390
A59: WID | B59: 65 | C59: Divisha Kakaria | E59: 9824379449
A60: PPTW | B60: 66 | C60: Divya | D60: 20 | E60: 7975368984
A61: BB | B61: 67 | C61: Divya jain | D61: 21 | E61: 6262547164
A62: SC | B62: 68 | C62: Divya mahendra kankaliya | D62: 24 | E62: 7498959194
A63: TT | B63: 69 | C63: Divya Sanghvi | D63: 20 | E63: 8591664343
A64: WID | B64: 70 | C64: Diya Amish shah | D64: 19 | E64: 7045411742
A65: PPTW | B65: 71 | C65: Diya Chajed | D65: 21 | E65: 8431311533
A66: BB | B66: 72 | C66: Diya Jain | E66: 9399918201
A67: SC | B67: 73 | C67: Diya Prakash Shah | D67: 21 | E67: 7434966909
A68: TT | B68: 74 | C68: Diya Rakesh Jain | D68: 21 | E68: 9499545916
A69: WID | B69: 75 | C69: Diya shah | D69: 21 | E69: 9664554097
A70: PPTW | B70: 76 | C70: Diya Vardhman Chhajed | D70: 19 | E70: 7361003004
A71: BB | B71: 77 | C71: Dolly Inderkumar Jain | D71: 25 | E71: 9558516087
A72: SC | B72: 78 | C72: Dolly patwa | D72: 16 | E72: 7999136791
A73: TT | B73: 79 | C73: Doshi prapti prakash Kumar | D73: 18 | E73: 7984572089
A74: WID | B74: 80 | C74: Doshi vidhi | D74: 18 | E74: 7041125854
A75: PPTW | B75: 81 | C75: Drashty Bakul Malde | D75: 23 | E75: 9284535546
A76: BB | B76: 82 | C76: Ekta Mehta | D76: 20 | E76: 7049082670
A77: SC | B77: 83 | C77: Esha Satish Savla | D77: 25 | E77: 9819344428
A78: TT | B78: 84 | C78: Forum Rajesh Chheda | D78: 22 | E78: 9619571855
... A83: WID | B83: 90 | C83: Hasti Hasmukh Dedhia | D83: 18 | E83: 9702477999
A84: PPTW | B84: 91 | C84: Heena Shah | E84: 9969119611
A85: BB | B85: 92 | C85: Heeya nayan gandhi | D85: 12 | E85: 7977736076
A86: WID | B86: 95 | C86: HET MANOJ SHAH | D86: 21 | E86: 9152053671
A87: BB | B87: 97 | C87: Hetali Rajen Shah | D87: 25 | E87: 9867135768
A88: SC | B88: 98 | C88: Hetvi Nilesh Shah | D88: 24 | E88: 8169441735
A89: TT | B89: 99 | C89: Hetvi Paras Shah | D89: 22 | E89: 9930900647
A90: WID | B90: 100 | C90: Hetvi Vimal Gosrani | D90: 21 | E90: 9322722657
A91: PPTW | B91: 101 | C91: Hiral Doshi | D91: 42 | E91: 9820712408
A92: BB | B92: 102 | C92: Hiral Vimal Shah | D92: 18 | E92: 9224877695
A93: SC | B93: 103 | C93: Hiya Sachin Dhoka | D93: 17 | E93: 9270552400
A94: TT | B94: 104 | C94: Hrishika Rakesh Jain | D94: 21 | E94: 9867119775
A95: PPTW | B95: 106 | C95: Ishika Mahendra Jain | D95: 22 | E95: 7798585011
A96: BB | B96: 107 | C96: Ishita Jain | D96: 25 | E96: 9024646280
... A116: SC | B116: 128 | C116: Kajal Dhiren Mutha | D116: 28 | E116: 9922780838
A117: TT | B117: 129 | C117: Kanisha Alpesh shah | D117: 16 years | E117: 6351438172
A118: WID | B118: 130 | C118: Karaniya Princy jetal | D118: 18 | E118: 9860017215
A119: PPTW | B119: 131 | C119: Karuna Bhushan Jain | D119: 21 | E119: 8983255680
A120: BB | B120: 132 | C120: Kavita Bhupendra vardhan | D120: 34 | E120: 7083919386
A121: SC | B121: 133 | C121: KAVYA MANISH SHAH | D121: 20 | E121: 7021206044
A122: TT | B122: 134 | C122: keshvi kothari | D122: 21 | E122: 9372349973
A123: WID | B123: 135 | C123: Khushbhu jain | D123: 20 | E123: +91 73897 61730
A124: PPTW | B124: 136 | C124: Khushbu jain | D124: 32 | E124: 9305139090
A125: BB | B125: 137 | C125: KHUSHBU KAKRECHA | D125: 33 | E125: 89054 92464
A126: SC | B126: 138 | C126: Khushi nayan gandhi | D126: 14 | E126: 7977736076
A127: TT | B127: 139 | C127: khushi chaudhary | D127: 19 | E127: 9981317839
...

Sheet Aaradhak_Details
A1: Timestamp | B1: Email address | C1: Name(As per adhar card) | D1: Code | E1: Badge Number | F1: Age | G1: Blood Group | H1: State/City | I1: Emergency Contact number | J1: Upload a Passport Size Photo | K1: Do you agree to the terms and conditions? | L1: Column 12
A2: 45996.505 | B2: ashvijain06@gmail.com | C2: Ashvi Jain | D2: TT | E2: 29 | F2: 18 | G2: AB +ve | H2: Indore, Madhya Pradesh | I2: 9425068194 | J2: https://drive.google.com/open?id=1Gzr-eY1XG6Yh53-0x80OZ0hCCHuTviea | K2: Yes, I do
A3: 45996.788 | B3: shahkrina2014@gmail.com | C3: Krina Shah | D3: SC | E3: 148 | F3: 18 | G3: B +ve | H3: Maharashtra/Mumbai | I3: 8169770863 | J3: https://drive.google.com/open?id=109wlIt98ft0VMeSRBk7uG8EjVjNr4gJv | K3: Yes, I do
A4: 45998.664 | B4: sonalbhandari78@gmail.com | C4: Aachal Vinod Bhandari | D4: PPTW | E4: 1 | F4: 15 | G4: B +ve | H4: Kolhapur Maharashtra | I4: 7720064326 | J4: https://drive.google.com/open?id=1leNh8vUSl2fpXLM86_zlju7kpjzTXg5j | K4: Yes, I do
A5: 45996.691 | B5: aanchaljain166@gmail.com | C5: Aanchal jain | D5: BB | E5: 2 | F5: 26 | G5: B +ve | H5: Pipliya mandi, District -Mandsaur, Madhya pradesh | I5: 9826990266 | J5: https://drive.google.com/open?id=1Pk-gWVTSSBzWIgAzVdacMhc8fBVmB7V4 | K5: Yes, I do
A6: 45996.537 | B6: Aangid7@gmail.com | C6: Aangi Dipeshbhai Doshi | D6: SC | E6: 3 | F6: 20 | G6: O +ve | H6: Ahmedabad | I6: 9825529797 | J6: https://drive.google.com/open?id=1xEgnxvO9TrHNEbL4s0w-tubtN8yBsdmP | K6: Yes, I do
A7: 46000.406 | B7: arpitchhajed0405@gmail.com | C7: Aashvi chhajed | D7: PPTW | E7: 6 | F7: 15 | G7: B +ve | H7: Khachrod | I7: 7000496236 | J7: https://drive.google.com/open?id=1ZoOhSBD3jdBKwbTbNeaFuNmZNrLi4cJy | K7: Yes, I do
A8: 45997.405 | B8: aayushi.jain4106@gmail.com | C8: Aayushi Jain | D8: BB | E8: 7 | F8: 19 | G8: AB +ve | H8: Madhya Pradesh | I8: 6261707675 | J8: https://drive.google.com/open?id=1yG_q-4vKPmnndSeO_MOv-hjSY8KdkWAx | K8: Yes, I do
A9: 46008.847 | B9: shahaayushi63@gmail.com | C9: Aayushi Shah | D9: SC | E9: 8 | F9: 25 | G9: B -ve | H9: Mumbai | I9: 9224190392 | J9: https://drive.google.com/open?id=1IsNNNfO3tG--Fg0fxMigbPaSt4Ess-l- | K9: Yes, I do
A10: 46000.515 | B10: jainrewinding@gmail.com | C10: Abhilasha | D10: TT | E10: 9 | F10: 34 | G10: AB +ve | H10: M.P./indore | I10: 9926124861 | J10: https://drive.google.com/open?id=1qr6viFOCwyAc02DBZ-C-fqLj0AzakiDq | K10: Yes, I do
A11: 46001.489 | B11: additisolanki10@gmail.com | C11: Additi Solanki | D11: WIB | E11: 10 | F11: 23 | G11: B +ve | H11: Chennai | I11: 9940478564 | J11: https://drive.google.com/open?id=1IVxjVwg4NlNzLptTJIjS-xDskZWlRg6t | K11: Yes, I do
A12: 45996.497 | B12: anshijain9876@gmail.com | C12: Aditi bhandari | D12: BB | E12: 12 | F12: 21 | G12: O +ve | H12: Chaumahla, Rajasthan | I12: 6260662123 | J12: https://drive.google.com/open?id=1oXPy6Zm6GhoIYSzNkxKURVQ7djkjD5og | K12: Yes, I do
A13: 46000.849 | B13: aditijain171202@gmail.com | C13: Aditi Bharat Jain | D13: PPTW | E13: 11 | F13: 23 | G13: A +ve | H13: Bhayandar, Mumbai | I13: 9324746678 | J13: https://drive.google.com/open?id=1EAB3FQz0Korngl0ssBPI_hipMXlbCNgh | K13: Yes, I do
... A18: 45996.53 | B18: aslodha11@gmail.com | C18: Amita Mangesh Bora | D18: TT | E18: 19 | F18: 32 | G18: B +ve | H18: Pune | I18: 9762808997 | J18: https://drive.google.com/open?id=1B7c4IO8U5tRyLDWb746lfEgxoK-jDl4V | K18: Yes, I do
A19: 46006.716 | B19: anerimshah06@gmail.com | C19: Aneri ben Manoj Kumar shah | D19: 395007 | E19: 20 | F19: 20 | G19: A +ve | H19: Surat | I19: 6380334389 | J19: https://drive.google.com/open?id=1Ke70RV3FarPfXPW4PmWACWj_CoIA8i4N | K19: Yes, I do
A20: 46019.417 | B20: sandeshjain242@gmail.com | C20: Ankita jain | D20: TT | E20: 451 | F20: 35 | G20: B +ve | H20: Indore | I20: 9981000715 | J20: https://drive.google.com/open?id=1wIgedSUkyP308HO_ys_G2weqFUo2daZH | K20: Yes, I do
A21: 45999.71 | B21: rxanuja@gmail.com | C21: Anuja Romil Shah | D21: PPTW | E21: 21 | F21: 42 | G21: B +ve | H21: Hyderabad | I21: 9825011862 | J21: https://drive.google.com/open?id=1ZPhSG_D5BL8eN1rbI3-IUd-dpGn8tdgO | K21: Yes, I do
A22: 45996.504 | B22: anushijain10@gmail.com | C22: Anushi Jain | D22: BB | E22: 22 | F22: 24 | G22: O +ve | H22: Madhya pradesh, Indore | I22: 9827071761 | J22: https://drive.google.com/open?id=1-dKLRDOlrHDu6S5FwVi65ajMnEUFQxXk | K22: Yes, I do
A23: 45997.445 | B23: anushkakataria26@gmail.com | C23: Anushka Kataria | D23: SC | E23: 23 | F23: 21 | G23: B +ve | H23: Ratlam,Madhya Pradesh | I23: 9425104131 | J23: https://drive.google.com/open?id=1MW-FmSb1BED-BzTiAKYND3h78d9UzyCi | K23: Yes, I do
A24: 45996.499 | B24: aradhanajain661994@gmail.com | C24: Aradhana jain | D24: WID | E24: 25 | F24: 31 | G24: B +ve | H24: Indore | I24: 7999992925 | J24: https://drive.google.com/open?id=1RUTBG-dunzR_1ITec3zSOmHz3rrl50QJ | K24: Yes, I do
A25: 46011.032 | B25: shaharchana28@gmail.com | C25: Archana Minesh Shah | D25: PPTW | E25: 428 | F25: 55 | G25: A +ve | H25: Mumbai | I25: 9870595409 | J25: https://drive.google.com/open?id=1O_6vS-YzKv96hUp__FOBpXoXOlcrhH56 | K25: Yes, I do
A26: 45996.58 | B26: shaharihad1999@gmail.com | C26: Ariha Deep Shah | D26: PPTW | E26: 26 | F26: 26 | G26: A +ve | H26: Pune | I26: 9011096550 | J26: https://drive.google.com/open?id=1UoCU_mvxPdga2KKiJOjJ6nmOWArJqR10 | K26: Yes, I do
A27: 45996.503 | B27: jainarpita56@gmail.com | C27: Arpita Jain | D27: AJ19 | E27: 27 | F27: 23 | G27: O +ve | H27: Madhya Pradesh/Mandsaur | I27: 9179352310 | J27: https://drive.google.com/open?id=14YwRH3CbaEyOm0I6W_0vyT-FDwqzBGoA | K27: Yes, I do
A28: 45999.903 | B28: arpita1vat249@gmail.com | C28: Arpita vanvat | D28: SC | E28: 28 | F28: 36 | G28: O +ve | H28: M.p. Khachrod | I28: 8770483294 | J28: https://drive.google.com/open?id=1WzoZcztCOECOdvrMIj6CdHBUMzOvXd5H | K28: Yes, I do
A29: 46009.464 | B29: ashita0206@gmail.com | C29: Ashita Dhariwal | D29: BB | E29: 407 | F29: 25 | G29: B +ve | H29: Indore | I29: 9424881377 | J29: https://drive.google.com/open?id=1EXWG06dnuu-oX7ZJJHxoRYJ0V6ymXMth | K29: Yes, I do
A30: 46010.778 | B30: ashvishah20@gmail.com | C30: Ashvi Amesh Shah | D30: TT | E30: 426 | F30: 21 | G30: A +ve | H30: Mumbai, Maharashtra | I30: 9322516954 | J30: https://drive.google.com/open?id=1kH7_tWsM2K39Tw1t8ly2i_Yq1cPAEgDc | K30: Yes, I do
A31: 46009.59 | B31: shahavani35@gmail.com | C31: Avani Vikram Shah | D31: TT | E31: 409 | F31: 28 | G31: B +ve | H31: Maharashtra/Bhiwandi | I31: 9321546930 | J31: https://drive.google.com/open?id=1DBSnLZ8YKTUqW2axAqjEDLFxsoKyvloZ | K31: Yes, I do
... A34: 46014.705 | B34: jainayushi3707@gmail.com | C34: Ayushi Jain | D34: SC | E34: 445 | F34: 24 | G34: B +ve | H34: Indore (Depalpur) | I34: 9926552626 | J34: https://drive.google.com/open?id=1SZpPc0A-sd5QRiA4IQLZhYcoGTJHWmzU | K34: Yes, I do
A35: 46004.505 | B35: aj4349741@gmail.com | C35: Ayushi Jain | D35: 391 | E35: 391 | F35: 18 | G35: O +ve | H35: Ujjain (Mp) | I35: 9993993381 | J35: https://drive.google.com/open?id=1tXoPeuEwCwZi6i8ODmxmJl8uyNzw3FVN | K35: Yes, I do
A36: 46007.774 | B36: jainmaya1995@gmail.com | C36: B Ritu kothari | D36: TT | E36: 34 | F36: 28 | G36: O +ve | H36: Anantapur | I36: 9381015186 | J36: https://drive.google.com/open?id=1mbUKXlvn8WyYxBGBy83PxmjJXvIOtb_Y | K36: Yes, I do
A37: 45996.71 | B37: drpoojacd1385@gmail.com | C37: Bhaavee Chirag Doshi | D37: WID | E37: 35 | F37: 13 | G37: O +ve | H37: Pune | I37: 9552278383 | J37: https://drive.google.com/open?id=1de-zzjrMLpbRjC3DgCls3MbFVoq8eB3U | K37: Yes, I do
A38: 45999.683 | B38: bhakti.jhaveri1985@gmail.com | C38: Bhakti Jhaveri | D38: PPTW | E38: 36 | F38: 40 | G38: B +ve | H38: Mumbai | I38: 8369232493 | J38: https://drive.google.com/open?id=1SXjn-AFGny_IPMt32vvw6rwfUNYXdhhg | K38: Yes, I do
A39: 46010.687 | B39: bhaktishah1312@gmail.com | C39: Bhakti shah | D39: WID | E39: 432 | F39: 22 | G39: O +ve | H39: Gujarat/Ahmedabad | I39: 7862919657 | J39: https://drive.google.com/open?id=11ZaONFphwaBLnHk4tIarGRLXAkuG4Elg | K39: Yes, I do
A40: 46005.534 | B40: jainbhawana805@gmail.com | C40: Bhavna Bhandari | D40: BB | E40: 392 | F40: 31 | G40: B +ve | H40: Chaumahla | I40: 9413805414 | J40: https://drive.google.com/open?id=1tqAWs0VY2goICihktdR7t9h3_RdfIYmj | K40: Yes, I do
A41: 46002.471 | B41: kushimehta344@gmail.com | C41: Bhavya | D41: Sc | E41: 38 | F41: 20 | G41: AB +ve | H41: Chennai | I41: 8015363385 | J41: https://drive.google.com/open?id=1aL6Yy6KD89Xfd5SLbmR6vYWzzw1xmRwi | K41: Yes, I do
A42: 46000.426 | B42: chatteradish@gmail.com | C42: Bhumi Chatter | D42: TT | E42: 39 | F42: 15 | G42: O +ve | H42: Khachrod Madhya pradesh | I42: 9584231441 | J42: https://drive.google.com/open?id=1Tol_266Slvk5pQKYAQgq1DQN5voYwq71 | K42: Yes, I do
A43: 46000.613 | B43: porwal.bhumi95@gmail.com | C43: Bhumika Jugal Porwal | D43: PPTW | E43: 41 | F43: 30 | G43: A +ve | H43: Pune , Maharashtra. | I43: 9561195563 | J43: https://drive.google.com/open?id=1ZlV2rkyubIs24FgJ2LMa0EqS4iFsfWOw | K43: Yes, I do
A44: 46001.324 | B44: shahutkersha384@gmail.com | C44: Bothara utkarsha abhay | D44: Sc | E44: 353 | F44: 20 | G44: O +ve | H44: Navsari | I44: 9712759705 | J44: https://drive.google.com/open?id=1Eb_1SOyXWLjLyY7kwDqMa42aLzJ0BpVq | K44: Yes, I do
A45: 45996.726 | B45: dhariwalcharmi2@gmail.com | C45: Charmi Dhariwal | D45: TT | E45: 44 | F45: 19 | G45: O +ve | H45: Jaora | I45: 9406635227 | J45: https://drive.google.com/open?id=1qWAoAxTtrKOuAgyPh8T1YVYXujFWnXen | K45: Yes, I do
A46: 46001.916 | B46: charmi.mehta2111@gmail.com | C46: Charmi Hardik Doshi | D46: WID | E46: 45 | F46: 35 | G46: O -ve | H46: Mumbai/ Maharashtra | I46: 9821127986 | J46: https://drive.google.com/open?id=1X6ZDOyiEmRJJcVto0apgHH0zVSr_gYe0 | K46: Yes, I do
A47: 46005.86 | B47: dahitashah1983@gmail.com | C47: Dahita Jinesh Shah | D47: TT | E47: 394 | F47: 42 | G47: O -ve | H47: Maharashtra/Mumbai | I47: 9820306577 | J47: https://drive.google.com/open?id=1nggRYpSajINYcyuGWWVl59GSdI1ksuW- | K47: Yes, I do
... A68: 45996.51 | B68: jaindiya040@gmail.com | C68: Diya jain | D68: BB | E68: 72 | F68: 19 | G68: B +ve | H68: Unhel | I68: 9399918201 | J68: https://drive.google.com/open?id=1eSxblgCBR0fkmqLM8YrxY3k3JspfML1k | K68: Yes, I do
A69: 46011.667 | B69: sdiya7435@gmail.com | C69: Diya nileshbhai shah | D69: 388620 | E69: 75 | F69: 20 | G69: O +ve | H69: Khambhat | I69: 9265598308 | J69: https://drive.google.com/open?id=1fPOe9fUDFQo29jllX3hm1_b62KloxG2H | K69: Yes, I do
A70: 45997.824 | B70: jaindolly304@gmail.com | C70: Dolly Inderkumar Jain | D70: BB | E70: 77 | F70: 25 | G70: AB +ve | H70: Ahmedabad | I70: 9974173115 | J70: https://drive.google.com/open?id=1IUFaGp_j0sMvyKwrHPAr49Jk6gFhnf-1 | K70: Yes, I do
A71: 46008.878 | B71: doshiprapti97@gmail.com | C71: Doshi praptii prakash | D71: TT | E71: 79 | F71: 19 | G71: A +ve | H71: Surat | I71: 9825446981 | J71: https://drive.google.com/open?id=1XQFGPC5U-8zleCnPKHk3vtx-ZAxgLmd0 | K71: Yes, I do
A72: 45997.411 | B72: vidhi07doshi@gmail.com | C72: Doshi vidhi | D72: WID | E72: 80 | F72: 18 | G72: B +ve | H72: Ahmedabad | I72: 9426325854 | J72: https://drive.google.com/open?id=1qMbvrZUvlr0ntGNomOTllPsIA-jBeOBK | K72: Yes, I do
A73: 45998.762 | B73: maldedrashty01@gmail.com | C73: Drashty Bakul Malde | D73: PPTW | E73: 81 | F73: 24 | G73: B +ve | H73: Mumbai | I73: 9423368067 | J73: https://drive.google.com/open?id=13X_ffu4ZiCRMBz-dOse5srPJpNDgPKzT | K73: Yes, I do
A74: 46004.46 | B74: Ronak2189@gmail.com | C74: Ekta ronak jain | D74: WID | E74: 390 | F74: 33 | G74: O +ve | H74: Mumbai Maharashtra | I74: 9619402561 | J74: https://drive.google.com/open?id=1sb9dOgDz42VQhhFVwWNkuP_nhhvJ5Xi5 | K74: Yes, I do
A75: 46004.477 | B75: eshashah22.07.2003@gmail.com | C75: Esha pritesh shah | D75: SC | E75: 393 | F75: 24 | G75: A +ve | H75: Maharashtra | I75: 9226144134 | J75: https://drive.google.com/open?id=156WpmK_PiEUgOU_ERl0RTpxu2C33zyRj | K75: Yes, I do
A76: 46000.563 | B76: geniousesha10@gmail.com | C76: Esha Satish Savla | D76: SC | E76: 83 | F76: 25 | G76: B +ve | H76: Mumbai | I76: 8850502382 | J76: https://drive.google.com/open?id=1gm12aFXkJh_eYFlUpKab04hwt6G1opcJ | K76: Yes, I do
A77: 46012.535 | B77: falushah165@gmail.com | C77: Falak Nirav Shah | D77: PPTW | E77: 421 | F77: 19 | G77: A +ve | H77: Surat | I77: 9327620328 | J77: https://drive.google.com/open?id=1Ldox18dnApJ03Pd4MDrYBjz3JYU1gWQ3 | K77: Yes, I do
A78: 45997.432 | B78: forumchheda2023@gmail.com | C78: Forum Rajesh Chheda | D78: TT | E78: 84 | F78: 22 | G78: B +ve | H78: Maharashtra - Mumbai | I78: 9699946077 | J78: https://drive.google.com/open?id=1UFoIYvsv14t3pw-gGBoUdSUnVoaSnC_M | K78: Yes, I do
A79: 45996.516 | B79: bhumigadiya1@gmail.com | C79: Gadiya Bhumi Unesh | D79: WID | E79: 40 | F79: 18 | G79: O +ve | H79: Baramati | I79: 7620396824 | J79: https://drive.google.com/open?id=1J0MuRe-MCw3zgySp4uabWGaqNVhg3J4r | K79: Yes, I do
A80: 45999.691 | B80: geetuslodha1998@gmail.com | C80: Geeta Sandeep Lodha | D80: 414001 | E80: 87 | F80: 27 | G80: B +ve | H80: Ahilyanagar | I80: 9923604321 | J80: https://drive.google.com/open?id=1JPRE3-FwIpdDPlLy7v3uR2lniOvFCkrK | K80: Yes, I do
A81: 46000.421 | B81: shahharshviwork@gmail.com | C81: Harshvi Kavit Shah | D81: TT | E81: 89 | F81: 22 | G81: B +ve | H81: Maharashtra-Mumbai | I81: 9821355636 | J81: https://drive.google.com/open?id=1hYY7LRX_apW7k1wB3_q-O6ZXdoLaRgr5 | K81: Yes, I do
A82: 46006.845 | B82: hasti12dedhia@gmail.com | C82: Hasti Dedhia | D82: 90 | E82: 90 | F82: 18 | G82: A +ve | H82: Maharashtra | I82: 9653151546 | J82: https://drive.google.com/open?id=1qXXjMHSjTAiV0WmBPM6b0NzOhdHV2Lc7 | K82: Yes, I do
A83: 45999.909 | B83: heena9833@gmail.com | C83: Heena Manoj Palesha | D83: PPTW | E83: 386 | F83: 37 | G83: B +ve | H83: Pune | I83: 9960840282 | J83: https://drive.google.com/open?id=1zzx88G6Y88tO_Lh1lYrJcD01P7nOtYjB | K83: Yes, I do
A84: 46005.971 | B84: heena.t.shah.13@gmail.com | C84: Heena Shah | D84: PPTW | E84: 91 | F84: 50 | G84: O +ve | H84: Maharashtra/Mumbai | I84: 9820183544 | J84: https://drive.google.com/open?id=1hA_ZAlVQCpljpLRBuLZbvvdrCyFKq9YX | K84: Yes, I do
A85: 46001.658 | B85: gandhinayan65@gmail.com | C85: Heeya nayan gandhi | D85: BB | E85: 92 | F85: 12 | G85: B +ve | H85: Mulund | I85: 7977736076 | J85: https://drive.google.com/open?id=1KFF-AZHUAcwvEjnkiYzvovi7EP10Tmh7 | K85: Yes, I do
A86: 45996.519 | B86: hetshah650@gmail.com | C86: het Manoj Shah | D86: Wid | E86: 95 | F86: 21 | G86: AB +ve | H86: Mumbai | I86: 9324842615 | J86: https://drive.google.com/open?id=1H_EPr-AYeOiKqBpCDr2ULC0Dke83IrnV | K86: Yes, I do
A87: 46012.464 | B87: hetalchheda1818@gmail.com | C87: HETAL chheda | D87: BB | E87: 439 | F87: 37 | G87: O +ve | H87: Maharashtra | I87: 9867353355 | J87: https://drive.google.com/open?id=1SSrDciBeNaQ-1sptKk2vHYiLJwWMmyK9 | K87: Yes, I do
A88: 45997.609 | B88: hrs151200@gmail.com | C88: Hetali Rajen Shah | D88: BB | E88: 97 | F88: 25 | G88: A +ve | H88: Maharashtra | I88: 9821273773 | J88: https://drive.google.com/open?id=17dQeDe0zW_jZj8_5UtCenMBes0i_Ndkd | K88: Yes, I do
A89: 46001.476 | B89: hetvi0303@gmail.com | C89: Hetvi Paras Shah | D89: TT | E89: 99 | F89: 22 | G89: B +ve | H89: Maharashtra Mumbai | I89: 9821116177 | J89: https://drive.google.com/open?id=1WJRZnz0WLA-V7QFAT8lSXWS1AsLbUGDO | K89: Yes, I do
A90: 45996.551 | B90: hetvigosrani@gamil.com | C90: Hetvi vimal Gosrani | D90: WID | E90: 100 | F90: 21 | G90: A +ve | H90: Mumbai Maharashtra | I90: 7977757478 | J90: https://drive.google.com/open?id=1BvFR9_-vYXTXz38ix5cDUSL0pNhEjPom | K90: Yes, I do
A91: 45997.733 | B91: Hiral.doshi2104@gmail.com | C91: HIRAL NIMESH DOSHI | D91: PPTW | E91: 101 | F91: 42 | G91: B +ve | H91: MAHARASHTRA/MUMBAI | I91: 8097675227 | J91: https://drive.google.com/open?id=1EXpPZGN9B73ip4ijSLArR4ml87Dzl491 | K91: Yes, I do
A92: 46016.985 | B92: shahhiral2801@gmail.com | C92: Hiral Shah | D92: BB | E92: 102 | F92: 18 | G92: AB +ve | H92: maharastra | I92: 8976230296 | J92: https://drive.google.com/open?id=14vEE1c88KwdL8RGiPotoL7z2bWQLDgpa | K92: Yes, I do
A93: 46016.545 | B93: hitanshimehta300@gmail.com | C93: Hitanshi mehta | D93: PPTW | E93: 448 | F93: 16 | G93: B +ve | H93: khattali m.p. | I93: 7898717647 | J93: https://drive.google.com/open?id=1JVHM2hNo4I0dqOBLAPewwPzJPISJTt7B | K93: Yes, I do
A94: 45996.829 | B94: hiya.dhoka.9@gmail.com | C94: Hiya Sachin Dhoka | D94: SC | E94: 103 | F94: 17 | G94: B +ve | H94: Maharashtra | I94: 9372446603 | J94: https://drive.google.com/open?id=1RtX31LI9jwdBgxYxKWnbgHd8husuw597 | K94: Yes, I do
... A118: 46008.928 | B118: kari.jain05@gmail.com | C118: Karishma Gandhi | D118: TT | E118: 388 | F118: 33 | G118: B +ve | H118: Madhya Pradesh Ratlam | I118: 9893285655 | J118: https://drive.google.com/open?id=1gci4u90s3416rw7qHcmDG7shErbqQ7TP | K118: Yes, I do
A119: 46001.774 | B119: jainkaruna03@gmail.com | C119: Karuna Bhushan Jain | D119: 131 | E119: 131 | F119: 21 | G119: A +ve | H119: Mumbai maharshtra | I119: 9028983546 | J119: https://drive.google.com/open?id=1VD5MEH4Wq0qBRR-aN_xJNoPcSPgNjF5p | K119: Yes, I do
A120: 45997.784 | B120: kavitavardhan79@gmail.com | C120: Kavita Bhupendra vardhan | D120: BB | E120: 132 | F120: 34 | G120: O +ve | H120: Goa | I120: 7796132865 | J120: https://drive.google.com/open?id=1kf1zxIVL7wV3USoPDGwANbD_v_mlB4qw | K120: Yes, I do
A121: 45996.592 | B121: shahkavya212@gmail.com | C121: KAVYA MANISH SHAH | D121: SC | E121: 133 | F121: 20 | G121: A +ve | H121: Mumbai | I121: 9892089244 | J121: https://drive.google.com/open?id=1ruF7X6uLsjSLlc2fjjw3tOxANE4545Oz | K121: Yes, I do
A122: 46000.605 | B122: kotharikeshvi028@gmail.com | C122: Keshvi Vijay Kothari | D122: TT | E122: 134 | F122: 21 | G122: A +ve | H122: Maharashtra/ Mumbai | I122: 7977822575 | J122: https://drive.google.com/open?id=13hMccVK-Vbzu2MGHcoL3bVuI8teX1aOp | K122: Yes, I do
A123: 46015.907 | B123: jitisha169@gmail.com | C123: Khushboo Jain | D123: 454001 | E123: 7389761730 | F123: 20 | G123: O +ve | H123: Mandsour | I123: 7389761730 | J123: https://drive.google.com/open?id=1pcRXvEGaYWiZ050RTmqtE-K8Tsy4BDSX | K123: Yes, I do
A124: 46000.603 | B124: jainshushil187@gmail.com | C124: Khushbu jain | D124: PPTW | E124: 136 | F124: 32 | G124: O +ve | H124: Depalpur | I124: 9981099807 | J124: https://drive.google.com/open?id=1bxEtoSQxeCVZ8MxxJ9ftxx4yozr5URjU | K124: Yes, I do
A125: 46011.03 | B125: jiyujan824@gmail.com | C125: Khushbu Jain | D125: 458001 | E125: 2 | F125: 21 | G125: B +ve | H125: Mandsaur | I125: 7999452717 | J125: https://drive.google.com/open?id=1vLv_mc_cVZIc7dNhX5ZTGo2TvzdeWpCK | K125: Yes, I do
A126: 45999.578 | B126: khushigandhi324@gmail.com | C126: Khushi Gandhi | D126: WID | E126: 140 | F126: 18 | G126: O +ve | H126: Maharashtra, Mumbai | I126: 9821326788 | J126: https://drive.google.com/open?id=1j2pGJEB0nf_-OXsgIAFtGmg3g5AfYqbW | K126: Yes, I do
A127: 45996.824 | B127: gandhikhushi988@gmail.com | C127: Khushi nayan gandhi | D127: 138 | E127: 138 | F127: 14 | G127: B +ve | H127: Mulund, Mumbai | I127: 7977589990 | J127: https://drive.google.com/open?id=1IMlyMVo8MTK_u4pgtVK8AU8ywTdDtiJG | K127: Yes, I do
A128: 46010.649 | B128: Shahhkhushi@gmail.com | C128: Khushi Sachinbhai Shah | D128: SC | E128: 425 | F128: 22 | G128: O +ve | H128: Surat | I128: 9376221223 | J128: https://drive.google.com/open?id=1v12PMXM0uVxJRKOrPyHM0awGilriTcp7 | K128: Yes, I do
A129: 45996.516 | B129: khyatipbhayani@gmail.com | C129: Khyati Varshit Shah | D129: PPTW | E129: 141 | F129: 36 | G129: A +ve | H129: Maharashtra | I129: 9819913128 | J129: https://drive.google.com/open?id=1_TxzuBU14C0hCiNGTzILLBLwuGY-T7Ar | K129: Yes, I do
A130: 46007.65 | B130: kotharikinjal0911@gmail.com | C130: Kinjal Kothari | D130: BB | E130: 142 | F130: 19 | G130: B +ve | H130: Gondia | I130: 9511278842 | J130: https://drive.google.com/open?id=1eiNW1X5Dc50ISO9fW6r3jFYAsaET2LuO | K130: Yes, I do
A131: 45996.498 | B131: kirtijain336@gmail.com | C131: Kirti jain | D131: 456335 | E131: 144 | F131: 17 | G131: B +ve | H131: Nagda jn | I131: 9201499006 | J131: https://drive.google.com/open?id=1jQm4jO9DxB1qs16B181CbnVRoqCHKHVN | K131: Yes, I do
A132: 45996.584 | B132: Kiyajain29@gmail.com | C132: Kiyanshi Jain | D132: WID | E132: 145 | F132: 20 | G132: B +ve | H132: Dewas | I132: 7723013016 | J132: https://drive.google.com/open?id=1rDaWLi425LxEd-QoaRNT4v-UF5Gqikon | K132: Yes, I do
A133: 45999.647 | B133: bhavnadangi329@gmail.com | C133: Kratika dangi | D133: BB | E133: 147 | F133: 18 | G133: B +ve | H133: Runija mandsaur | I133: 7587676779 | J133: https://drive.google.com/open?id=10lF-5p9Gb468lafYiwyMxH1Nnr7_euY8 | K133: Yes, I do
A134: 46009.594 | B134: krinashah290304@gmail.com | C134: Krina Shah | D134: 394107 | E134: 433 | F134: 22 | G134: O +ve | H134: Surat | I134: 9023142212 | J134: https://drive.google.com/open?id=1O6p8bVcH_k53vuV4XvH58cKcGG4L5ZLW | K134: Yes, I do
A135: 45997.426 | B135: navingosrani23@gmail.com | C135: Krinal Navin Gosrani | D135: WID | E135: 150 | F135: 24 | G135: O +ve | H135: Thane | I135: 7378628919 | J135: https://drive.google.com/open?id=1s2neHLweA0JHU0A0IrRBhxpffy2SlJbB | K135: Yes, I do
A136: 45996.711 | B136: krishagudhka02@gmail.com | C136: Krisha Kantilal Gudhka | D136: BB | E136: 152 | F136: 23 | G136: AB +ve | H136: Maharashtra/ Bhiwandi | I136: 9890207967 | J136: https://drive.google.com/open?id=1nVtTbuUojIGcYmpIxtpB38PSD8QCynHz | K136: Yes, I do
A137: 46008.852 | B137: krishashah2376@gmail.com | C137: Krisha Kerul Shah | D137: SC | E137: 153 | F137: 19 | G137: A +ve | H137: Maharashtra Mumbai | I137: 9821536677 | J137: https://drive.google.com/open?id=1IqtMrOhQSsB3pjlGoizfq0NvGh3bEIZk | K137: Yes, I do
A138: 45997.962 | B138: krishi.gala130106@gmail.com | C138: Krishi deepak gala | D138: Tt | E138: 154 | F138: 20 | G138: B +ve | H138: Maharashtra/Mumbai | I138: 7021933066 | J138: https://drive.google.com/open?id=1r751VBuBpjpyE3vO_IbcKum5q-uHv-gw | K138: Yes, I do
A139: 45999.522 | B139: kriyashah621@gmail.com | C139: Kriya Amit Shah | D139: WID | E139: 155 | F139: 16 | G139: A +ve | H139: Gujarat Ahmedabad | I139: 9426143556 | J139: https://drive.google.com/open?id=1XdGo-TIdtz-E7s-e4eiRngtI6XtL-ASz | K139: Yes, I do
A140: 45996.509 | B140: kotharikriya1@gmail.com | C140: Kriya Hemendra Kothari | D140: PPTW | E140: 156 | F140: 20 | G140: B +ve | H140: Maharashtra | I140: 8275708867 | J140: https://drive.google.com/open?id=1tIjDIUBt2Pv2Kvfj26RbBM25BSMMeuWf | K140: Yes, I do
A141: 46013.693 | B141: kriyarathod987@gmail.com | C141: KRIYA NARENDRA RATHOD | D141: BB | E141: 157 | F141: 18 | G141: B +ve | H141: Pune | I141: 7972119721 | J141: https://drive.google.com/open?id=1okYHxL_tpHQ9reEGJ-vOmr9OBbp2fKpf | K141: Yes, I do
A142: 46010.59 | B142: kriyashah1902@gmail.com | C142: KRIYA PARESH SHAH | D142: SC | E142: 413 | F142: 20 | G142: A +ve | H142: Bhayander ,Mumbai | I142: 9323011729 | J142: https://drive.google.com/open?id=1m_A1Wq30vh8WxNxuQ01A6gPcSSblf7Gh | K142: Yes, I do
A143: 45996.503 | B143: kriyajain333@gmail.com | C143: Kriya viresh jain | D143: SC | E143: 158 | F143: 18 | G143: A +ve | H143: Mumbai | I143: 9768791435 | J143: https://drive.google.com/open?id=1eVn4zrOPj-C4AhEcVuTyw2G0e2ZICpFu | K143: Yes, I do
A144: 45999.631 | B144: kmalde91@gmail.com | C144: Kshama Divyesh Khimasiya | D144: TT | E144: 159 | F144: 34 | G144: AB +ve | H144: Maharashtra/Bhiwandi | I144: 9769211323 | J144: https://drive.google.com/open?id=1nSfPgQ2814Ui3lEw1qPhn2sYVeHy7OMC | K144: Yes, I do
A145: 45996.515 | B145: kunikaranka@gmail.com | C145: Kunika Ranka | D145: WID | E145: 160 | F145: 25 | G145: A +ve | H145: Mandsaur Madhya Pradesh | I145: 9425078821 | J145: https://drive.google.com/open?id=1uWPbiMee_N7aw27TElR4d42WAmAybirc | K145: Yes, I do
A146: 46008.544 | B146: kusumbothra1433@gmail.com | C146: Kusum | D146: PPTW | E146: 161 | F146: 25 | G146: AB +ve | H146: Sanchore | I146: 9461631046 | J146: https://drive.google.com/open?id=1PNCNl5umuMeonL7sFwRJ6cd9BPzscVeg | K146: Yes, I do
... A175: 46016.854 | B175: mokshapatwa@gmail.com | C175: Moksha patwa | D175: WID | E175: 442 | F175: 21 | G175: A +ve | H175: Anand | I175: 9408471971 | J175: https://drive.google.com/open?id=1vptdzLmAKkXJSo1I2W55W-xdt0DLANVv | K175: Yes, I do
A176: 45999.659 | B176: modimonika168@gmail.com | C176: Monika | D176: 196 | E176: 196 | F176: 33 | G176: O +ve | H176: Depalpur indore | I176: 9098122722 | J176: https://drive.google.com/open?id=1c7G83d4m0gS77xJMB19v2YyPZ7FjrFEb | K176: Yes, I do
A177: 45999.536 | B177: monikabafna08@gmail.com | C177: Monika Jain S | D177: BB | E177: 197 | F177: 21 | G177: O +ve | H177: Bangalore | I177: 9535609505 | J177: https://drive.google.com/open?id=1Ll1aQne425LxIYsKagRUIL0C4qsj2tss | K177: Yes, I do
...

Sheet ID Card Data
A1: Name(As per adhar card) | B1: Badge Number | C1: Age | D1: Blood Group | E1: Emergency Contact number
G3: The second sheet is named as Aaradhak details, and in this sheet, we will have the email address, the name as per their other card, the age, the blood group, and the emergency contact number

Sheet ID_Card_Output
A1: Name | B1: Badge Number | C1: Age | D1: Blood Group | E1: Emergency Contact Number | F1: Drive Photo Link
A2: =Actual_Data!C2 -> Aachal Vinod Bhandari | B2: =Actual_Data!B2 -> 1 | C2: =IFERROR(IF(VLOOKUP(B2,Aaradhak_Details!$E:$F,2,FALSE)<>"",VLOOKUP(B2,Aaradhak_Details!$E:$F,2,FALSE),Actual_Data!D2),Actual_Data!D2) -> 15 | D2: =IFERROR(VLOOKUP(B2,Aaradhak_Details!$E:$G,3,FALSE),"") -> B +ve | E2: =IFERROR(IF(VLOOKUP(B2,Aaradhak_Details!$E:$I,5,FALSE)<>"",VLOOKUP(B2,Aaradhak_Details!$E:$I,5,FALSE),Actual_Data!E2),Actual_Data!E2) -> 7720064326 | F2: {=IFERROR( INDEX(Aaradhak_Details!J:J, MATCH(B2, Aaradhak_Details!E:E, 0)), "" )} -> https://drive.google.com/open?id=1leNh8vUSl2fpXLM86_zlju7kpjzTXg5j | G2: {=IFERROR( XLOOKUP(A2, Aardhak_Details!B:B, Aardhak_Details!H:H), "" )}
A3: =Actual_Data!C3 -> Aanchal jain | B3: =Actual_Data!B3 -> 2 | C3: =IFERROR(IF(VLOOKUP(B3,Aaradhak_Details!$E:$F,2,FALSE)<>"",VLOOKUP(B3,Aaradhak_Details!$E:$F,2,FALSE),Actual_Data!D3),Actual_Data!D3) -> 26 | D3: =IFERROR(VLOOKUP(B3,Aaradhak_Details!$E:$G,3,FALSE),"") -> B +ve | E3: =IFERROR(IF(VLOOKUP(B3,Aaradhak_Details!$E:$I,5,FALSE)<>"",VLOOKUP(B3,Aaradhak_Details!$E:$I,5,FALSE),Actual_Data!E3),Actual_Data!E3) -> 9826990266 | F3: {=IFERROR( INDEX(Aaradhak_Details!J:J, MATCH(B3, Aaradhak_Details!E:E, 0)), "" )} -> https://drive.google.com/open?id=1Pk-gWVTSSBzWIgAzVdacMhc8fBVmB7V4
A4: =Actual_Data!C4 -> Aangi | B4: =Actual_Data!B4 -> 3 | C4: =IFERROR(IF(VLOOKUP(B4,Aaradhak_Details!$E:$F,2,FALSE)<>"",VLOOKUP(B4,Aaradhak_Details!$E:$F,2,FALSE),Actual_Data!D4),Actual_Data!D4) -> 20 | D4: =IFERROR(VLOOKUP(B4,Aaradhak_Details!$E:$G,3,FALSE),"") -> O +ve | E4: =IFERROR(IF(VLOOKUP(B4,Aaradhak_Details!$E:$I,5,FALSE)<>"",VLOOKUP(B4,Aaradhak_Details!$E:$I,5,FALSE),Actual_Data!E4),Actual_Data!E4) -> 9825529797 | F4: {=IFERROR( INDEX(Aaradhak_Details!J:J, MATCH(B4, Aaradhak_Details!E:E, 0)), "" )} -> https://drive.google.com/open?id=1xEgnxvO9TrHNEbL4s0w-tubtN8yBsdmP
A5: =Actual_Data!C5 -> Aarna | B5: =Actual_Data!B5 -> 4 | C5: =IFERROR(IF(VLOOKUP(B5,Aaradhak_Details!$E:$F,2,FALSE)<>"",VLOOKUP(B5,Aaradhak_Details!$E:$F,2,FALSE),Actual_Data!D5),Actual_Data!D5) -> 13 | D5: =IFERROR(VLOOKUP(B5,Aaradhak_Details!$E:$G,3,FALSE),"") -> A +ve | E5: =IFERROR(IF(VLOOKUP(B5,Aaradhak_Details!$E:$I,5,FALSE)<>"",VLOOKUP(B5,Aaradhak_Details!$E:$I,5,FALSE),Actual_Data!E5),Actual_Data!E5) -> 9904082060 | F5: {=IFERROR( INDEX(Aaradhak_Details!J:J, MATCH(B5, Aaradhak_Details!E:E, 0)), "" )} -> https://drive.google.com/open?id=1HCpgRtQSMj4AUEuv7jvRMQbRRajWdQZ4
A6: =Actual_Data!C6 -> Aarushi Bhandari | B6: =Actual_Data!B6 -> 5 | C6: =IFERROR(IF(VLOOKUP(B6,Aaradhak_Details!$E:$F,2,FALSE)<>"",VLOOKUP(B6,Aaradhak_Details!$E:$F,2,FALSE),Actual_Data!D6),Actual_Data!D6) -> 21 | D6: =IFERROR(VLOOKUP(B6,Aaradhak_Details!$E:$G,3,FALSE),"") -> B +ve | E6: =IFERROR(IF(VLOOKUP(B6,Aaradhak_Details!$E:$I,5,FALSE)<>"",VLOOKUP(B6,Aaradhak_Details!$E:$I,5,FALSE),Actual_Data!E6),Actual_Data!E6) -> 7898954083 | F6: {=IFERROR( INDEX(Aaradhak_Details!J:J, MATCH(B6, Aaradhak_Details!E:E, 0)), "" )} -> https://drive.google.com/open?id=1GNICRNBvoOyF2dC_2G-aSg9ISikON033
A7: =Actual_Data!C7 -> Aashvi chhajed | B7: =Actual_Data!B7 -> 6 | C7: =IFERROR(IF(VLOOKUP(B7,Aaradhak_Details!$E:$F,2,FALSE)<>"",VLOOKUP(B7,Aaradhak_Details!$E:$F,2,FALSE),Actual_Data!D7),Actual_Data!D7) -> 15 | D7: =IFERROR(VLOOKUP(B7,Aaradhak_Details!$E:$G,3,FALSE),"") -> B +ve | E7: =IFERROR(IF(VLOOKUP(B7,Aaradhak_Details!$E:$I,5,FALSE)<>"",VLOOKUP(B7,Aaradhak_Details!$E:$I,5,FALSE),Actual_Data!E7),Actual_Data!E7) -> 7000496236 | F7: {=IFERROR( INDEX(Aaradhak_Details!J:J, MATCH(B7, Aaradhak_Details!E:E, 0)), "" )} -> https://drive.google.com/open?id=1ZoOhSBD3jdBKwbTbNeaFuNmZNrLi4cJy
A8: =Actual_Data!C8 -> Aayushi Jain | B8: =Actual_Data!B8 -> 7 | C8: =IFERROR(IF(VLOOKUP(B8,Aaradhak_Details!$E:$F,2,FALSE)<>"",VLOOKUP(B8,Aaradhak_Details!$E:$F,2,FALSE),Actual_Data!D8),Actual_Data!D8) -> 19 | D8: =IFERROR(VLOOKUP(B8,Aaradhak_Details!$E:$G,3,FALSE),"") -> AB +ve | E8: =IFERROR(IF(VLOOKUP(B8,Aaradhak_Details!$E:$I,5,FALSE)<>"",VLOOKUP(B8,Aaradhak_Details!$E:$I,5,FALSE),Actual_Data!E8),Actual_Data!E8) -> 6261707675 | F8: {=IFERROR( INDEX(Aaradhak_Details!J:J, MATCH(B8, Aaradhak_Details!E:E, 0)), "" )} -> https://drive.google.com/open?id=1yG_q-4vKPmnndSeO_MOv-hjSY8KdkWAx
A9: =Actual_Data!C9 -> Aayushi shah | B9: =Actual_Data!B9 -> 8 | C9: =IFERROR(IF(VLOOKUP(B9,Aaradhak_Details!$E:$F,2,FALSE)<>"",VLOOKUP(B9,Aaradhak_Details!$E:$F,2,FALSE),Actual_Data!D9),Actual_Data!D9) -> 25 | D9: =IFERROR(VLOOKUP(B9,Aaradhak_Details!$E:$G,3,FALSE),"") -> B -ve | E9: =IFERROR(IF(VLOOKUP(B9,Aaradhak_Details!$E:$I,5,FALSE)<>"",VLOOKUP(B9,Aaradhak_Details!$E:$I,5,FALSE),Actual_Data!E9),Actual_Data!E9) -> 9224190392 | F9: {=IFERROR( INDEX(Aaradhak_Details!J:J, MATCH(B9, Aaradhak_Details!E:E, 0)), "" )} -> https://drive.google.com/open?id=1IsNNNfO3tG--Fg0fxMigbPaSt4Ess-l-
A10: =Actual_Data!C10 -> Abhilasha Jain | B10: =Actual_Data!B10 -> 9 | C10: =IFERROR(IF(VLOOKUP(B10,Aaradhak_Details!$E:$F,2,FALSE)<>"",VLOOKUP(B10,Aaradhak_Details!$E:$F,2,FALSE),Actual_Data!D10),Actual_Data!D10) -> 34 | D10: =IFERROR(VLOOKUP(B10,Aaradhak_Details!$E:$G,3,FALSE),"") -> AB +ve | E10: =IFERROR(IF(VLOOKUP(B10,Aaradhak_Details!$E:$I,5,FALSE)<>"",VLOOKUP(B10,Aaradhak_Details!$E:$I,5,FALSE),Actual_Data!E10),Actual_Data!E10) -> 9926124861 | F10: {=IFERROR( INDEX(Aaradhak_Details!J:J, MATCH(B10, Aaradhak_Details!E:E, 0)), "" )} -> https://drive.google.com/open?id=1qr6viFOCwyAc02DBZ-C-fqLj0AzakiDq
A11: =Actual_Data!C11 -> Additi Solanki | B11: =Actual_Data!B11 -> 10 | C11: =IFERROR(IF(VLOOKUP(B11,Aaradhak_Details!$E:$F,2,FALSE)<>"",VLOOKUP(B11,Aaradhak_Details!$E:$F,2,FALSE),Actual_Data!D11),Actual_Data!D11) -> 23 | D11: =IFERROR(VLOOKUP(B11,Aaradhak_Details!$E:$G,3,FALSE),"") -> B +ve | E11: =IFERROR(IF(VLOOKUP(B11,Aaradhak_Details!$E:$I,5,FALSE)<>"",VLOOKUP(B11,Aaradhak_Details!$E:$I,5,FALSE),Actual_Data!E11),Actual_Data!E11) -> 9940478564 | F11: {=IFERROR( INDEX(Aaradhak_Details!J:J, MATCH(B11, Aaradhak_Details!E:E, 0)), "" )} -> https://drive.google.com/open?id=1IVxjVwg4NlNzLptTJIjS-xDskZWlRg6t
A12: =Actual_Data!C12 -> Aditi | B12: =Actual_Data!B12 -> 11 | C12: =IFERROR(IF(VLOOKUP(B12,Aaradhak_Details!$E:$F,2,FALSE)<>"",VLOOKUP(B12,Aaradhak_Details!$E:$F,2,FALSE),Actual_Data!D12),Actual_Data!D12) -> 23 | D12: =IFERROR(VLOOKUP(B12,Aaradhak_Details!$E:$G,3,FALSE),"") -> A +ve | E12: =IFERROR(IF(VLOOKUP(B12,Aaradhak_Details!$E:$I,5,FALSE)<>"",VLOOKUP(B12,Aaradhak_Details!$E:$I,5,FALSE),Actual_Data!E12),Actual_Data!E12) -> 9324746678 | F12: {=IFERROR( INDEX(Aaradhak_Details!J:J, MATCH(B12, Aaradhak_Details!E:E, 0)), "" )} -> https://drive.google.com/open?id=1EAB3FQz0Korngl0ssBPI_hipMXlbCNgh
A13: =Actual_Data!C13 -> Aditi Bhandari | B13: =Actual_Data!B13 -> 12 | C13: =IFERROR(IF(VLOOKUP(B13,Aaradhak_Details!$E:$F,2,FALSE)<>"",VLOOKUP(B13,Aaradhak_Details!$E:$F,2,FALSE),Actual_Data!D13),Actual_Data!D13) -> 21 | D13: =IFERROR(VLOOKUP(B13,Aaradhak_Details!$E:$G,3,FALSE),"") -> O +ve | E13: =IFERROR(IF(VLOOKUP(B13,Aaradhak_Details!$E:$I,5,FALSE)<>"",VLOOKUP(B13,Aaradhak_Details!$E:$I,5,FALSE),Actual_Data!E13),Actual_Data!E13) -> 6260662123 | F13: {=IFERROR( INDEX(Aaradhak_Details!J:J, MATCH(B13, Aaradhak_Details!E:E, 0)), "" )} -> https://drive.google.com/open?id=1oXPy6Zm6GhoIYSzNkxKURVQ7djkjD5og
A14: =Actual_Data!C14 -> Aditi jain | B14: =Actual_Data!B14 -> 13 | C14: =IFERROR(IF(VLOOKUP(B14,Aaradhak_Details!$E:$F,2,FALSE)<>"",VLOOKUP(B14,Aaradhak_Details!$E:$F,2,FALSE),Actual_Data!D14),Actual_Data!D14) -> 22 | D14: =IFERROR(VLOOKUP(B14,Aaradhak_Details!$E:$G,3,FALSE),"") -> A +ve | E14: =IFERROR(IF(VLOOKUP(B14,Aaradhak_Details!$E:$I,5,FALSE)<>"",VLOOKUP(B14,Aaradhak_Details!$E:$I,5,FALSE),Actual_Data!E14),Actual_Data!E14) -> 8435695030 | F14: {=IFERROR( INDEX(Aaradhak_Details!J:J, MATCH(B14, Aaradhak_Details!E:E, 0)), "" )} -> https://drive.google.com/open?id=1fsYeyvPM0MDktd5Fgn3GWHAhAUF-pmPW
... A418: =Actual_Data!C418 -> Moksha Shah | B418: =Actual_Data!B418 -> 475 | C418: =IFERROR(IF(VLOOKUP(B418,Aaradhak_Details!$E:$F,2,FALSE)<>"",VLOOKUP(B418,Aaradhak_Details!$E:$F,2,FALSE),Actual_Data!D418),Actual_Data!D418) -> 23 | D418: =IFERROR(VLOOKUP(B418,Aaradhak_Details!$E:$G,3,FALSE),"") -> AB +ve | E418: =IFERROR(IF(VLOOKUP(B418,Aaradhak_Details!$E:$I,5,FALSE)<>"",VLOOKUP(B418,Aaradhak_Details!$E:$I,5,FALSE),Actual_Data!E418),Actual_Data!E418) -> 9427608729 | F418: {=IFERROR( INDEX(Aaradhak_Details!J:J, MATCH(B418, Aaradhak_Details!E:E, 0)), "" )} -> https://drive.google.com/open?id=1WDaZ3bK-waxZUJWNPp7IbYuV3Ww7yvt3
A419: =Actual_Data!C419
A420: =Actual_Data!C420
A421: =Actual_Data!C421
A422: =Actual_Data!C422
A423: =Actual_Data!C423
A424: =Actual_Data!C424
A425: =Actual_Data!C425
A426: =Actual_Data!C426
A427: =Actual_Data!C427
A428: =Actual_Data!C428
A429: =Actual_Data!C429
A430: =Actual_Data!C430
... A441: =Actual_Data!C441

Sheet Final Data
A1: Name | B1: Badge Number | C1: Age | D1: Blood Group | E1: Emergency Contact Number | F1: Drive Photo Link
A2: Aachal Vinod Bhandari | B2: {=SEQUENCE(400,1)} -> 1 | C2: 15 | D2: B +ve | E2: 7720064326 | F2: https://drive.google.com/open?id=1leNh8vUSl2fpXLM86_zlju7kpjzTXg5j
A3: Aanchal jain | B3: 2 | C3: 26 | D3: B +ve | E3: 9826990266 | F3: https://drive.google.com/open?id=1Pk-gWVTSSBzWIgAzVdacMhc8fBVmB7V4
A4: Aangi | B4: 3 | C4: 20 | D4: O +ve | E4: 9825529797 | F4: https://drive.google.com/open?id=1xEgnxvO9TrHNEbL4s0w-tubtN8yBsdmP
A5: Aarna | B5: 4 | C5: 13 | D5: A +ve | E5: 9904082060 | F5: https://drive.google.com/open?id=1HCpgRtQSMj4AUEuv7jvRMQbRRajWdQZ4
A6: Aarushi Bhandari | B6: 5 | C6: 21 | D6: B +ve | E6: 7898954083 | F6: https://drive.google.com/open?id=1GNICRNBvoOyF2dC_2G-aSg9ISikON033
A7: Aashvi chhajed | B7: 6 | C7: 15 | D7: B +ve | E7: 7000496236 | F7: https://drive.google.com/open?id=1ZoOhSBD3jdBKwbTbNeaFuNmZNrLi4cJy
A8: Aayushi Jain | B8: 7 | C8: 19 | D8: AB +ve | E8: 6261707675 | F8: https://drive.google.com/open?id=1yG_q-4vKPmnndSeO_MOv-hjSY8KdkWAx
A9: Aayushi shah | B9: 8 | C9: 25 | D9: B -ve | E9: 9224190392 | F9: https://drive.google.com/open?id=1IsNNNfO3tG--Fg0fxMigbPaSt4Ess-l-
A10: Abhilasha Jain | B10: 9 | C10: 34 | D10: AB +ve | E10: 9926124861 | F10: https://drive.google.com/open?id=1qr6viFOCwyAc02DBZ-C-fqLj0AzakiDq
A11: Additi Solanki | B11: 10 | C11: 23 | D11: B +ve | E11: 9940478564 | F11: https://drive.google.com/open?id=1IVxjVwg4NlNzLptTJIjS-xDskZWlRg6t
A12: Aditi | B12: 11 | C12: 23 | D12: A +ve | E12: 9324746678 | F12: https://drive.google.com/open?id=1EAB3FQz0Korngl0ssBPI_hipMXlbCNgh
A13: Aditi Bhandari | B13: 12 | C13: 21 | D13: O +ve | E13: 6260662123 | F13: https://drive.google.com/open?id=1oXPy6Zm6GhoIYSzNkxKURVQ7djkjD5og
A14: Aditi jain | B14: 13 | C14: 22 | D14: A +ve | E14: 8435695030 | F14: https://drive.google.com/open?id=1fsYeyvPM0MDktd5Fgn3GWHAhAUF-pmPW
A15: Aishvi jain | B15: 14 | C15: 26 | D15: B +ve | E15: 9893618270 | F15: https://drive.google.com/open?id=11HDfHGWyVyRZ6cfWoSFilBJQ_vpyMVF8
A16: Akshara Jain | B16: 15 | C16: 16 | E16: 9584175407
A17: Aksharachopra | B17: 16 | C17: 17 | D17: O +ve | E17: 9300638289 | F17: https://drive.google.com/open?id=1qjGe0s8uGO2FjUCr_Ae2YluvlxGU-yoO
A18: Amisha Saklecha | B18: 17 | C18: 25 | D18: A +ve | E18: 9713410009 | F18: https://drive.google.com/open?id=1pGnRcx4f1hPxHK0dkzJrs7ghuXPZyB11
A19: Amita Mangesh Bora | B19: 18 | C19: 32 | D19: B +ve | E19: 9762808997 | F19: https://drive.google.com/open?id=1B7c4IO8U5tRyLDWb746lfEgxoK-jDl4V
A20: Aneriben Manoj Kumar Shah | B20: 19 | C20: 20 | D20: A +ve | E20: 6380334389 | F20: https://drive.google.com/open?id=1Ke70RV3FarPfXPW4PmWACWj_CoIA8i4N
A21: Anuja Romil Shah | B21: 20 | C21: 42 | D21: B +ve | E21: 9825011862 | F21: https://drive.google.com/open?id=1ZPhSG_D5BL8eN1rbI3-IUd-dpGn8tdgO
A22: Anushi Jain | B22: 21 | C22: 24 | D22: O +ve | E22: 9827071761 | F22: https://drive.google.com/open?id=1-dKLRDOlrHDu6S5FwVi65ajMnEUFQxXk
A23: Anushka Kataria | B23: 22 | C23: 21 | D23: B +ve | E23: 9425104131 | F23: https://drive.google.com/open?id=1MW-FmSb1BED-BzTiAKYND3h78d9UzyCi
A24: Aradhana jain | B24: 23 | C24: 31 | D24: B +ve | E24: 7999992925 | F24: https://drive.google.com/open?id=1RUTBG-dunzR_1ITec3zSOmHz3rrl50QJ
A25: Ariha Deep Shah | B25: 24 | C25: 26 | D25: A +ve | E25: 9011096550 | F25: https://drive.google.com/open?id=1UoCU_mvxPdga2KKiJOjJ6nmOWArJqR10
A26: Arpita Jain | B26: 25 | C26: 23 | D26: O +ve | E26: 9179352310 | F26: https://drive.google.com/open?id=14YwRH3CbaEyOm0I6W_0vyT-FDwqzBGoA
A27: Arpita vanvat | B27: 26 | C27: 36 | D27: O +ve | E27: 8770483294 | F27: https://drive.google.com/open?id=1WzoZcztCOECOdvrMIj6CdHBUMzOvXd5H
A28: Ashvi Jain | B28: 27 | C28: 18 | D28: AB +ve | E28: 9425068194 | F28: https://drive.google.com/open?id=1Gzr-eY1XG6Yh53-0x80OZ0hCCHuTviea
A29: Avani Lodha | B29: 28 | C29: 19 | E29: 9424044167
A30: Avni jain | B30: 29 | C30: 27 | D30: B +ve | E30: 7771906579 | F30: https://drive.google.com/open?id=1EI6cBj0MJs2Z2a84cigzSX7mh8TzeshT
A31: Ayushi chopra | B31: 30 | C31: 24 | D31: O +ve | E31: 7354054343 | F31: https://drive.google.com/open?id=14wcqcgIGR0Ogh4UE59Vti2Yb5PU8SOPF
A32: B Ritu kothari | B32: 31 | C32: 28 | D32: O +ve | E32: 9381015186 | F32: https://drive.google.com/open?id=1mbUKXlvn8WyYxBGBy83PxmjJXvIOtb_Y
A33: Bhaavee Chirag Doshi | B33: 32 | C33: 13 | D33: O +ve | E33: 9552278383 | F33: https://drive.google.com/open?id=1de-zzjrMLpbRjC3DgCls3MbFVoq8eB3U
A34: Bhakti Jhaveri | B34: 33 | C34: 40 | D34: B +ve | E34: 8369232493 | F34: https://drive.google.com/open?id=1SXjn-AFGny_IPMt32vvw6rwfUNYXdhhg
A35: Bhavana | B35: 34 | C35: 33 | E35: 7667643221
A36: Bhavya | B36: 35 | C36: 20 | D36: AB +ve | E36: 8015363385 | F36: https://drive.google.com/open?id=1aL6Yy6KD89Xfd5SLbmR6vYWzzw1xmRwi
A37: Bhumi chatter | B37: 36 | C37: 15 | D37: O +ve | E37: 9584231441 | F37: https://drive.google.com/open?id=1Tol_266Slvk5pQKYAQgq1DQN5voYwq71
A38: Bhumi Umesh Gadiya | B38: 37 | C38: 18 | D38: O +ve | E38: 7620396824 | F38: https://drive.google.com/open?id=1J0MuRe-MCw3zgySp4uabWGaqNVhg3J4r
A39: Bhumika | B39: 38 | C39: 30 | D39: A +ve | E39: 9561195563 | F39: https://drive.google.com/open?id=1ZlV2rkyubIs24FgJ2LMa0EqS4iFsfWOw
A40: CHAITRALI YUVRAJ MEHTA | B40: 39 | C40: 19 | E40: 9404825525
A41: Charmi Dhariwal | B41: 40 | C41: 19 | D41: O +ve | E41: 9406635227 | F41: https://drive.google.com/open?id=1qWAoAxTtrKOuAgyPh8T1YVYXujFWnXen
A42: Charmi Doshi | B42: 41 | C42: 35 | D42: O -ve | E42: 9821127986 | F42: https://drive.google.com/open?id=1X6ZDOyiEmRJJcVto0apgHH0zVSr_gYe0
A43: Darshita Kakaria | B43: 42 | C43: 18 | D43: O +ve | E43: 9824379449 | F43: https://drive.google.com/open?id=1LERyVdrsNRcea756dLvydNwVbFqPeLat
A44: Deepali Shah | B44: 43 | C44: 43 | D44: B +ve | E44: 9819992095 | F44: https://drive.google.com/open?id=1fKI-UYpjxxnDnVF5I8RdkRSfobns_zTu
A45: Deshana Kuldip Shah | B45: 44 | C45: 20 | E45: 8980189111
A46: Devanshi hiran Mehta | B46: 45 | C46: 28 | D46: O +ve | E46: 7760976547 | F46: https://drive.google.com/open?id=17sDUpo9LFhvSFcwgt2oKHEYWERwYfxdm
A47: Dharmi Malde | B47: 46 | C47: 21 | D47: B +ve | E47: 9324004930 | F47: https://drive.google.com/open?id=1AJxaIMcW9P3eCMgKHZQAQPrjv59uRqR-
A48: Dhriti | B48: 47 | C48: 18 | D48: AB +ve | E48: 8880898189 | F48: https://drive.google.com/open?id=1Zyc13tujjpsb0tT-EwZ6GTRd-PTx7lYg
A49: Dhruvi M Shah | B49: 48 | C49: 22 | D49: A +ve | E49: 9004980513 | F49: https://drive.google.com/open?id=1Ehr7GRBluuATtG0RsTXuoGutUXZwAb8r
A50: Dhruvi S | B50: 49 | C50: 40 | D50: B +ve | E50: 9819292663 | F50: https://drive.google.com/open?id=1mjJka5yq-XaMCY00Vy0vW2RlzqWRIPsG
A51: Dhruvi Shah | B51: 50 | C51: 18 | D51: O +ve | E51: 9892817726 | F51: https://drive.google.com/open?id=14xvAZYY5X0GwOdyaTnF6mcKM6e3rEL0a
A52: Dhruvi Shah | B52: 51 | C52: 28 | D52: O +ve | E52: 9510629940 | F52: https://drive.google.com/open?id=1PpPoRZgdJwgbnKz2VIW4Wmx8oHaNEH_I
A53: Dhvani Ronak Desai | B53: 52 | C53: 18 | D53: A +ve | E53: 9004252646 | F53: https://drive.google.com/open?id=12EmycTRLNpz5VvrHyIW8-UKRGbwYTG84
A54: dhyana mehta | B54: 53 | C54: 11 | E54: 9820507278
A55: Dimple | B55: 54 | C55: 34 | D55: O +ve | E55: 9986521644 | F55: https://drive.google.com/open?id=1CWEGWY6W3f41mRx2ejc3UTQzVJHtOYRU
A56: Dipali Parekh | B56: 55 | C56: 30 | D56: B +ve | E56: 9512447281 | F56: https://drive.google.com/open?id=1AgC2OefC5kuQZbMPFPl3WYNfvFpF2MYn
A57: Disha oswal | B57: 56 | C57: 21 | D57: B +ve | E57: 9590313474 | F57: https://drive.google.com/open?id=16NvjHQlawSg-12TFUiVSVC2uNOBmPZDU
A58: Disha Shah | B58: 57 | C58: 27 | D58: B +ve | E58: 9260363680 | F58: https://drive.google.com/open?id=1HVcxERKpN-OkUEa62m5fOFu6Bu9Sf3jp
A59: Divisha Kakaria | B59: 58 | C59: 14 | D59: B +ve | E59: 9824379449 | F59: https://drive.google.com/open?id=1GjgAn9sXcHrIZttVL2Iq0UWkGOuzIKY3
A60: Divya | B60: 59 | C60: 20 | D60: O +ve | E60: 8310278103 | F60: https://drive.google.com/open?id=198bu5uowWbDs8m-jSM47WKc6LBBk5ZVv
A61: Divya jain | B61: 60 | C61: 21 | E61: 6262547164
A62: Divya mahendra kankaliya | B62: 61 | C62: 24 | E62: 7498959194
A63: Divya Sanghvi | B63: 62 | C63: 20 | E63: 8591664343
A64: Diya Amish shah | B64: 63 | C64: 19 | D64: B +ve | E64: 9833648799 | F64: https://drive.google.com/open?id=1EQ6V75FxzeQY9LdQidReVY0fN3r61k0w
A65: Diya Chajed | B65: 64 | C65: 21 | E65: 8431311533
A66: Diya Jain | B66: 65 | C66: 19 | D66: B +ve | E66: 9399918201 | F66: https://drive.google.com/open?id=1eSxblgCBR0fkmqLM8YrxY3k3JspfML1k
A67: Diya Prakash Shah | B67: 66 | C67: 21 | E67: 7434966909
A68: Diya Rakesh Jain | B68: 67 | C68: 21 | E68: 9499545916
A69: Diya shah | B69: 68 | C69: 20 | D69: O +ve | E69: 9265598308 | F69: https://drive.google.com/open?id=1fPOe9fUDFQo29jllX3hm1_b62KloxG2H
A70: Diya Vardhman Chhajed | B70: 69 | C70: 19 | E70: 7361003004
A71: Dolly Inderkumar Jain | B71: 70 | C71: 25 | D71: AB +ve | E71: 9974173115 | F71: https://drive.google.com/open?id=1IUFaGp_j0sMvyKwrHPAr49Jk6gFhnf-1
A72: Dolly patwa | B72: 71 | C72: 16 | E72: 7999136791
A73: Doshi prapti prakash Kumar | B73: 72 | C73: 19 | D73: A +ve | E73: 9825446981 | F73: https://drive.google.com/open?id=1XQFGPC5U-8zleCnPKHk3vtx-ZAxgLmd0
A74: Doshi vidhi | B74: 73 | C74: 18 | D74: B +ve | E74: 9426325854 | F74: https://drive.google.com/open?id=1qMbvrZUvlr0ntGNomOTllPsIA-jBeOBK
A75: Drashty Bakul Malde | B75: 74 | C75: 24 | D75: B +ve | E75: 9423368067 | F75: https://drive.google.com/open?id=13X_ffu4ZiCRMBz-dOse5srPJpNDgPKzT
A76: Ekta Mehta | B76: 75 | C76: 20 | E76: 7049082670
A77: Esha Satish Savla | B77: 76 | C77: 25 | D77: B +ve | E77: 8850502382 | F77: https://drive.google.com/open?id=1gm12aFXkJh_eYFlUpKab04hwt6G1opcJ
A78: Forum Rajesh Chheda | B78: 77 | C78: 22 | D78: B +ve | E78: 9699946077 | F78: https://drive.google.com/open?id=1UFoIYvsv14t3pw-gGBoUdSUnVoaSnC_M
A79: Gandhi Asha | B79: 78 | C79: 28 | E79: 7016730670
A80: Geeta Sandeep Lodha | B80: 79 | C80: 27 | D80: B +ve | E80: 9923604321 | F80: https://drive.google.com/open?id=1JPRE3-FwIpdDPlLy7v3uR2lniOvFCkrK
A81: Harshita Rajesh Bhimani | B81: 80 | C81: 20 | E81: 7738668568
A82: Harshvi Kavit Shah | B82: 81 | C82: 22 | D82: B +ve | E82: 9821355636 | F82: https://drive.google.com/open?id=1hYY7LRX_apW7k1wB3_q-O6ZXdoLaRgr5
A83: Hasti Hasmukh Dedhia | B83: 82 | C83: 18 | D83: A +ve | E83: 9653151546 | F83: https://drive.google.com/open?id=1qXXjMHSjTAiV0WmBPM6b0NzOhdHV2Lc7
A84: Heena Shah | B84: 83 | C84: 50 | D84: O +ve | E84: 9820183544 | F84: https://drive.google.com/open?id=1hA_ZAlVQCpljpLRBuLZbvvdrCyFKq9YX
A85: Heeya nayan gandhi | B85: 84 | C85: 12 | D85: B +ve | E85: 7977736076 | F85: https://drive.google.com/open?id=1KFF-AZHUAcwvEjnkiYzvovi7EP10Tmh7
A86: HET MANOJ SHAH | B86: 85 | C86: 21 | D86: AB +ve | E86: 9324842615 | F86: https://drive.google.com/open?id=1H_EPr-AYeOiKqBpCDr2ULC0Dke83IrnV
A87: Hetali Rajen Shah | B87: 86 | C87: 25 | D87: A +ve | E87: 9821273773 | F87: https://drive.google.com/open?id=17dQeDe0zW_jZj8_5UtCenMBes0i_Ndkd
A88: Hetvi Nilesh Shah | B88: 87 | C88: 24 | E88: 8169441735
A89: Hetvi Paras Shah | B89: 88 | C89: 22 | D89: B +ve | E89: 9821116177 | F89: https://drive.google.com/open?id=1WJRZnz0WLA-V7QFAT8lSXWS1AsLbUGDO
A90: Hetvi Vimal Gosrani | B90: 89 | C90: 21 | D90: A +ve | E90: 7977757478 | F90: https://drive.google.com/open?id=1BvFR9_-vYXTXz38ix5cDUSL0pNhEjPom
A91: Hiral Doshi | B91: 90 | C91: 42 | D91: B +ve | E91: 8097675227 | F91: https://drive.google.com/open?id=1EXpPZGN9B73ip4ijSLArR4ml87Dzl491
A92: Hiral Vimal Shah | B92: 91 | C92: 18 | D92: AB +ve | E92: 8976230296 | F92: https://drive.google.com/open?id=14vEE1c88KwdL8RGiPotoL7z2bWQLDgpa
A93: Hiya Sachin Dhoka | B93: 92 | C93: 17 | D93: B +ve | E93: 9372446603 | F93: https://drive.google.com/open?id=1RtX31LI9jwdBgxYxKWnbgHd8husuw597
A94: Hrishika Rakesh Jain | B94: 93 | C94: 21 | D94: O +ve | E94: 9820211078 | F94: https://drive.google.com/open?id=1h9icjeT8N_i4svggErpEbyWHcmSXO6oZ
A95: Ishika Mahendra Jain | B95: 94 | C95: 22 | D95: O +ve | E95: 7666444892 | F95: https://drive.google.com/open?id=1O9rD9ukTLUq6rl2ClDUDwhe-Sp-NYFnW
A96: Ishita Jain | B96: 95 | C96: 25 | D96: O +ve | E96: 7665555146 | F96: https://drive.google.com/open?id=1BlRyisiCy19FzoFqwOJv5qxbSDis5ukj
A97: Ishita Sagrawat | B97: 96 | C97: 18 | E97: 9098957331
A98: Itishajain | B98: 97 | C98: 20 | D98: A +ve | E98: 9131154100 | F98: https://drive.google.com/open?id=11n6iNU8F0S_3rLhkluUDbfT5l0TAagU_
A99: Jain Bhavika ben | B99: 98 | C99: 40 | D99: B +ve | E99: 7874182849 | F99: https://drive.google.com/open?id=1OQSQJZ0dfqvHd8rCKkjQstkcQcACoDZ6
A100: Jain divya vinod | B100: 99 | C100: 21 | E100: 9307690459
...

Sheet Debug_ID_card_data
A1: Name(As per adhar card) | B1: Badge Number | C1: Age | D1: Blood Group | E1: Emergency Contact number | F1: Source | G1: Matched With | H1: Key Used
A2: Aachal Vinod Bhandari | B2: 1 | C2: 15 | D2: B +ve | E2: 7720064326 | F2: Aaradhak | G2: Aachal Vinod Bhandari | H2: aachal bhandari
A3: Aanchal jain | B3: 2 | C3: 26 | D3: B +ve | E3: 9826990266 | F3: Aaradhak | G3: Aanchal jain | H3: aanchal jain
A4: Aangi | B4: 3 | E4: 7405658429 | F4: Raw Data | H4: aangi
A5: Aarna | B5: 4 | E5: 9904082060 | F5: Raw Data | H5: aarna
A6: Aarushi Bhandari | B6: 5 | C6: 16 | E6: 9827637699 | F6: Raw Data | H6: aarushi bhandari
A7: Aashvi chhajed | B7: 6 | C7: 15 | D7: B +ve | E7: 7000496236 | F7: Aaradhak | G7: Aashvi chhajed | H7: aashvi chhajed
A8: Aayushi Jain | B8: 7 | C8: 19 | D8: AB +ve | E8: 6261707675 | F8: Aaradhak | G8: Aayushi Jain | H8: aayushi jain
A9: Aayushi shah | B9: 8 | C9: 25 | D9: B -ve | E9: 9224190392 | F9: Aaradhak | G9: Aayushi Shah | H9: aayushi shah
A10: Abhilasha Jain | B10: 9 | C10: 34 | E10: 7089024861 | F10: Raw Data | H10: abhilasha jain
A11: Additi Solanki | B11: 10 | C11: 23 | D11: B +ve | E11: 9940478564 | F11: Aaradhak | G11: Additi Solanki | H11: additi solanki
A12: Aditi | B12: 11 | E12: 8104916757 | F12: Raw Data | H12: aditi
A13: Aditi Bhandari | B13: 12 | C13: 21 | D13: O +ve | E13: 6260662123 | F13: Aaradhak | G13: Aditi bhandari | H13: aditi bhandari
A14: Aditi jain | B14: 13 | C14: 23 | D14: A +ve | E14: 9324746678 | F14: Aaradhak | G14: Aditi Bharat Jain | H14: aditi jain
A15: Aishvi jain | B15: 14 | C15: 26 | D15: B +ve | E15: 9893618270 | F15: Aaradhak | G15: Aishvi jain | H15: aishvi jain
A16: Akshara Jain | B16: 15 | C16: 16 | E16: 9584175407 | F16: Raw Data | H16: akshara jain
A17: Aksharachopra | B17: 16 | C17: 17 | E17: 8253003710 | F17: Raw Data | H17: aksharachopra
A18: Amisha Saklecha | B18: 17 | C18: 25 | D18: A +ve | E18: 9713410009 | F18: Aaradhak | G18: Amisha Saklecha | H18: amisha saklecha
A19: Amita Mangesh Bora | B19: 18 | C19: 32 | D19: B +ve | E19: 9762808997 | F19: Aaradhak | G19: Amita Mangesh Bora | H19: amita bora
A20: Aneriben Manoj Kumar Shah | B20: 19 | C20: 19 | E20: 9737943472 | F20: Raw Data | H20: aneriben shah
A21: Anuja Romil Shah | B21: 20 | C21: 42 | D21: B +ve | E21: 9825011862 | F21: Aaradhak | G21: Anuja Romil Shah | H21: anuja shah
A22: Anushi Jain | B22: 21 | C22: 24 | D22: O +ve | E22: 9827071761 | F22: Aaradhak | G22: Anushi Jain | H22: anushi jain
A23: Anushka Kataria | B23: 22 | C23: 21 | D23: B +ve | E23: 9425104131 | F23: Aaradhak | G23: Anushka Kataria | H23: anushka kataria
A24: Aradhana jain | B24: 23 | C24: 31 | D24: B +ve | E24: 7999992925 | F24: Aaradhak | G24: Aradhana jain | H24: aradhana jain
A25: Ariha Deep Shah | B25: 24 | C25: 26 | D25: A +ve | E25: 9011096550 | F25: Aaradhak | G25: Ariha Deep Shah | H25: ariha shah
A26: Arpita Jain | B26: 25 | C26: 23 | D26: O +ve | E26: 9179352310 | F26: Aaradhak | G26: Arpita Jain | H26: arpita jain
A27: Arpita vanvat | B27: 26 | C27: 36 | D27: O +ve | E27: 8770483294 | F27: Aaradhak | G27: Arpita vanvat | H27: arpita vanvat
A28: Ashvi Jain | B28: 27 | C28: 18 | D28: AB +ve | E28: 9425068194 | F28: Aaradhak | G28: Ashvi Jain | H28: ashvi jain
A29: Avani Lodha | B29: 28 | C29: 19 | E29: 9424044167 | F29: Raw Data | H29: avani lodha
A30: Avni jain | B30: 29 | C30: 27 | D30: B +ve | E30: 7771906579 | F30: Aaradhak | G30: Avni Jain | H30: avni jain
A31: Ayushi chopra | B31: 30 | C31: 24 | D31: O +ve | E31: 7354054343 | F31: Aaradhak | G31: Ayushi chopra | H31: ayushi chopra
A32: B Ritu kothari | B32: 31 | C32: 28 | D32: O +ve | E32: 9381015186 | F32: Aaradhak | G32: B Ritu kothari | H32: b kothari
A33: Bhaavee Chirag Doshi | B33: 32 | C33: 13 | D33: O +ve | E33: 9552278383 | F33: Aaradhak | G33: Bhaavee Chirag Doshi | H33: bhaavee doshi
A34: Bhakti Jhaveri | B34: 33 | C34: 40 | D34: B +ve | E34: 8369232493 | F34: Aaradhak | G34: Bhakti Jhaveri | H34: bhakti jhaveri
A35: Bhavana | B35: 34 | C35: 33 | E35: 7667643221 | F35: Raw Data | H35: bhavana
A36: Bhavya | B36: 35 | C36: 20 | D36: AB +ve | E36: 8015363385 | F36: Aaradhak | G36: Bhavya | H36: bhavya
A37: Bhumi chatter | B37: 36 | C37: 15 | D37: O +ve | E37: 9584231441 | F37: Aaradhak | G37: Bhumi Chatter | H37: bhumi chatter
A38: Bhumi Umesh Gadiya | B38: 37 | C38: 18 | E38: 7620396824 | F38: Raw Data | H38: bhumi gadiya
A39: Bhumika | B39: 38 | C39: 30 | D39: A +ve | E39: 9561195563 | F39: Aaradhak (first) | G39: Bhumika Jugal Porwal | H39: bhumika
A40: CHAITRALI YUVRAJ MEHTA | B40: 39 | C40: 19 | E40: 9404825525 | F40: Raw Data | H40: chaitrali mehta
A41: Charmi Dhariwal | B41: 40 | C41: 19 | D41: O +ve | E41: 9406635227 | F41: Aaradhak | G41: Charmi Dhariwal | H41: charmi dhariwal
A42: Charmi Doshi | B42: 41 | C42: 35 | D42: O -ve | E42: 9821127986 | F42: Aaradhak | G42: Charmi Hardik Doshi | H42: charmi doshi
A43: Darshita Kakaria | B43: 42 | C43: 18 | D43: O +ve | E43: 9824379449 | F43: Aaradhak | G43: Darshita Shrenik Kakaria | H43: darshita kakaria
A44: Deepali Shah | B44: 43 | C44: 43 | D44: B +ve | E44: 9819992095 | F44: Aaradhak | G44: Deepali. Gautam. Shah | H44: deepali shah
A45: Deshana Kuldip Shah | B45: 44 | C45: 20 | E45: 8980189111 | F45: Raw Data | H45: deshana shah
A46: Devanshi hiran Mehta | B46: 45 | C46: 28 | D46: O +ve | E46: 7760976547 | F46: Aaradhak | G46: Devanshi Hiran Mehta | H46: devanshi mehta
A47: Dharmi Malde | B47: 46 | C47: 21 | D47: B +ve | E47: 9324004930 | F47: Aaradhak | G47: Dharmi Jitesh Malde | H47: dharmi malde
A48: Dhriti | B48: 47 | C48: 18 | D48: AB +ve | E48: 8880898189 | F48: Aaradhak | G48: DHRITI | H48: dhriti
A49: Dhruvi M Shah | B49: 48 | F49: DUPLICATE | H49: dhruvi shah
A50: Dhruvi S | B50: 49 | E50: 9820462839 | F50: Raw Data | H50: dhruvi s
A51: Dhruvi Shah | B51: 50 | F51: DUPLICATE | H51: dhruvi shah
A52: Dhruvi Shah | B52: 51 | F52: DUPLICATE | H52: dhruvi shah
A53: Dhvani Ronak Desai | B53: 52 | C53: 18 | D53: A +ve | E53: 9004252646 | F53: Aaradhak | G53: Dhvani Ronak Desai | H53: dhvani desai
A54: dhyana mehta | B54: 53 | C54: 11 | E54: 9820507278 | F54: Raw Data | H54: dhyana mehta
A55: Dimple | B55: 54 | C55: 34 | E55: 8555828384 | F55: Raw Data | H55: dimple
A56: Dipali Parekh | B56: 55 | C56: 30 | D56: B +ve | E56: 9512447281 | F56: Aaradhak | G56: Dipali Chandreshbhai Parekh | H56: dipali parekh
A57: Disha oswal | B57: 56 | C57: 21 | D57: B +ve | E57: 9590313474 | F57: Aaradhak | G57: Disha oswal | H57: disha oswal
A58: Disha Shah | B58: 57 | C58: 27 | D58: B +ve | E58: 9260363680 | F58: Aaradhak | G58: Disha Santosh Shah | H58: disha shah
A59: Divisha Kakaria | B59: 58 | C59: 14 | D59: B +ve | E59: 9824379449 | F59: Aaradhak | G59: Divisha Shrenik Kakaria | H59: divisha kakaria
A60: Divya | B60: 59 | C60: 20 | D60: O +ve | E60: 8310278103 | F60: Aaradhak (first) | G60: Divya jain | H60: divya
A61: Divya jain | B61: 60 | C61: 20 | D61: O +ve | E61: 8310278103 | F61: Aaradhak | G61: Divya jain | H61: divya jain
A62: Divya mahendra kankaliya | B62: 61 | C62: 24 | E62: 7498959194 | F62: Raw Data | H62: divya kankaliya
A63: Divya Sanghvi | B63: 62 | C63: 20 | E63: 8591664343 | F63: Raw Data | H63: divya sanghvi
A64: Diya Amish shah | B64: 63 | F64: DUPLICATE | H64: diya shah
A65: Diya Chajed | B65: 64 | C65: 21 | E65: 8431311533 | F65: Raw Data | H65: diya chajed
A66: Diya Jain | B66: 65 | F66: DUPLICATE | H66: diya jain
A67: Diya Prakash Shah | B67: 66 | F67: DUPLICATE | H67: diya shah
A68: Diya Rakesh Jain | B68: 67 | F68: DUPLICATE | H68: diya jain
A69: Diya shah | B69: 68 | F69: DUPLICATE | H69: diya shah
A70: Diya Vardhman Chhajed | B70: 69 | C70: 19 | E70: 7361003004 | F70: Raw Data | H70: diya chhajed
A71: Dolly Inderkumar Jain | B71: 70 | C71: 25 | D71: AB +ve | E71: 9974173115 | F71: Aaradhak | G71: Dolly Inderkumar Jain | H71: dolly jain
A72: Dolly patwa | B72: 71 | C72: 16 | E72: 7999136791 | F72: Raw Data | H72: dolly patwa
A73: Doshi prapti prakash Kumar | B73: 72 | C73: 18 | E73: 7984572089 | F73: Raw Data | H73: doshi kumar
A74: Doshi vidhi | B74: 73 | C74: 18 | D74: B +ve | E74: 9426325854 | F74: Aaradhak | G74: Doshi vidhi | H74: doshi vidhi
A75: Drashty Bakul Malde | B75: 74 | C75: 24 | D75: B +ve | E75: 9423368067 | F75: Aaradhak | G75: Drashty Bakul Malde | H75: drashty malde
A76: Ekta Mehta | B76: 75 | C76: 20 | E76: 7049082670 | F76: Raw Data | H76: ekta mehta
A77: Esha Satish Savla | B77: 76 | C77: 25 | D77: B +ve | E77: 8850502382 | F77: Aaradhak | G77: Esha Satish Savla | H77: esha savla
A78: Forum Rajesh Chheda | B78: 77 | C78: 22 | D78: B +ve | E78: 9699946077 | F78: Aaradhak | G78: Forum Rajesh Chheda | H78: forum chheda
A79: Gandhi Asha | B79: 78 | C79: 28 | E79: 7016730670 | F79: Raw Data | H79: gandhi asha
A80: Geeta Sandeep Lodha | B80: 79 | C80: 27 | D80: B +ve | E80: 9923604321 | F80: Aaradhak | G80: Geeta Sandeep Lodha | H80: geeta lodha
A81: Harshita Rajesh Bhimani | B81: 80 | C81: 20 | E81: 7738668568 | F81: Raw Data | H81: harshita bhimani
A82: Harshvi Kavit Shah | B82: 81 | C82: 22 | D82: B +ve | E82: 9821355636 | F82: Aaradhak | G82: Harshvi Kavit Shah | H82: harshvi shah
A83: Hasti Hasmukh Dedhia | B83: 82 | C83: 18 | D83: A +ve | E83: 9653151546 | F83: Aaradhak | G83: Hasti Dedhia | H83: hasti dedhia
A84: Heena Shah | B84: 83 | C84: 50 | D84: O +ve | E84: 9820183544 | F84: Aaradhak | G84: Heena Shah | H84: heena shah
A85: Heeya nayan gandhi | B85: 84 | C85: 12 | D85: B +ve | E85: 7977736076 | F85: Aaradhak | G85: Heeya nayan gandhi | H85: heeya gandhi
A86: HET MANOJ SHAH | B86: 85 | C86: 21 | D86: AB +ve | E86: 9324842615 | F86: Aaradhak | G86: het Manoj Shah | H86: het shah
A87: Hetali Rajen Shah | B87: 86 | C87: 25 | D87: A +ve | E87: 9821273773 | F87: Aaradhak | G87: Hetali Rajen Shah | H87: hetali shah
A88: Hetvi Nilesh Shah | B88: 87 | F88: DUPLICATE | H88: hetvi shah
A89: Hetvi Paras Shah | B89: 88 | F89: DUPLICATE | H89: hetvi shah
A90: Hetvi Vimal Gosrani | B90: 89 | C90: 21 | D90: A +ve | E90: 7977757478 | F90: Aaradhak | G90: Hetvi vimal Gosrani | H90: hetvi gosrani
A91: Hiral Doshi | B91: 90 | C91: 42 | D91: B +ve | E91: 8097675227 | F91: Aaradhak | G91: HIRAL NIMESH DOSHI | H91: hiral doshi
A92: Hiral Vimal Shah | B92: 91 | C92: 18 | D92: AB +ve | E92: 8976230296 | F92: Aaradhak | G92: Hiral Shah | H92: hiral shah
A93: Hiya Sachin Dhoka | B93: 92 | C93: 17 | D93: B +ve | E93: 9372446603 | F93: Aaradhak | G93: Hiya Sachin Dhoka | H93: hiya dhoka
A94: Hrishika Rakesh Jain | B94: 93 | C94: 21 | D94: O +ve | E94: 9820211078 | F94: Aaradhak | G94: Hrishika Rakesh Jain | H94: hrishika jain
A95: Ishika Mahendra Jain | B95: 94 | C95: 22 | D95: O +ve | E95: 7666444892 | F95: Aaradhak | G95: Ishika Mahendra Jain | H95: ishika jain
A96: Ishita Jain | B96: 95 | C96: 25 | D96: O +ve | E96: 7665555146 | F96: Aaradhak | G96: Ishita jain | H96: ishita jain
A97: Ishita Sagrawat | B97: 96 | C97: 18 | E97: 9098957331 | F97: Raw Data | H97: ishita sagrawat
A98: Itishajain | B98: 97 | C98: 20 | D98: A +ve | E98: 9131154100 | F98: Aaradhak | G98: Itishajain | H98: itishajain
A99: Jain Bhavika ben | B99: 98 | C99: 40 | E99: 8200808385 | F99: Raw Data | H99: jain ben
A100: Jain divya vinod | B100: 99 | C100: 21 | E100: 9307690459 | F100: Raw Data | H100: jain vinod
...
